Date,Time,"Virtual Memory Committed [MB]","Virtual Memory Available [MB]","Virtual Memory Load [%]","Physical Memory Used [MB]","Physical Memory Available [MB]","Physical Memory Load [%]","Page File Usage [%]","Core VIDs (avg) [V]","P-core 0 VID [V]","P-core 1 VID [V]","E-core 2 VID [V]","E-core 3 VID [V]","E-core 4 VID [V]","E-core 5 VID [V]","E-core 6 VID [V]","E-core 7 VID [V]","E-core 8 VID [V]","E-core 9 VID [V]","Uncore VID [V]","SA VID [V]","Core Clocks (avg) [MHz]","P-core 0 Clock [MHz]","P-core 1 Clock [MHz]","E-core 2 Clock [MHz]","E-core 3 Clock [MHz]","E-core 4 Clock [MHz]","E-core 5 Clock [MHz]","E-core 6 Clock [MHz]","E-core 7 Clock [MHz]","E-core 8 Clock [MHz]","E-core 9 Clock [MHz]","Bus Clock [MHz]","Ring/LLC Clock [MHz]","Core Effective Clocks (avg) [MHz]","P-core 0 T0 Effective Clock [MHz]","P-core 0 T1 Effective Clock [MHz]","P-core 1 T0 Effective Clock [MHz]","P-core 1 T1 Effective Clock [MHz]","E-core 2 T0 Effective Clock [MHz]","E-core 3 T0 Effective Clock [MHz]","E-core 4 T0 Effective Clock [MHz]","E-core 5 T0 Effective Clock [MHz]","E-core 6 T0 Effective Clock [MHz]","E-core 7 T0 Effective Clock [MHz]","E-core 8 T0 Effective Clock [MHz]","E-core 9 T0 Effective Clock [MHz]","Average Effective Clock [MHz]","Core Usage (avg) [%]","P-core 0 T0 Usage [%]","P-core 0 T1 Usage [%]","P-core 1 T0 Usage [%]","P-core 1 T1 Usage [%]","E-core 2 T0 Usage [%]","E-core 3 T0 Usage [%]","E-core 4 T0 Usage [%]","E-core 5 T0 Usage [%]","E-core 6 T0 Usage [%]","E-core 7 T0 Usage [%]","E-core 8 T0 Usage [%]","E-core 9 T0 Usage [%]","Max CPU/Thread Usage [%]","Total CPU Usage [%]","On-Demand Clock Modulation [%]","Core Utility (avg) [%]","P-core 0 T0 Utility [%]","P-core 0 T1 Utility [%]","P-core 1 T0 Utility [%]","P-core 1 T1 Utility [%]","E-core 2 T0 Utility [%]","E-core 3 T0 Utility [%]","E-core 4 T0 Utility [%]","E-core 5 T0 Utility [%]","E-core 6 T0 Utility [%]","E-core 7 T0 Utility [%]","E-core 8 T0 Utility [%]","E-core 9 T0 Utility [%]","Total CPU Utility [%]","Core Ratios (avg) [x]","P-core 0 Ratio [x]","P-core 1 Ratio [x]","E-core 2 Ratio [x]","E-core 3 Ratio [x]","E-core 4 Ratio [x]","E-core 5 Ratio [x]","E-core 6 Ratio [x]","E-core 7 Ratio [x]","E-core 8 Ratio [x]","E-core 9 Ratio [x]","Uncore Ratio [x]","Core Temperatures (avg) [°C]","P-core 0 [°C]","P-core 1 [°C]","E-core 2 [°C]","E-core 3 [°C]","E-core 4 [°C]","E-core 5 [°C]","E-core 6 [°C]","E-core 7 [°C]","E-core 8 [°C]","E-core 9 [°C]","Core Distance to TjMAX (avg) [°C]","P-core 0 Distance to TjMAX [°C]","P-core 1 Distance to TjMAX [°C]","E-core 2 Distance to TjMAX [°C]","E-core 3 Distance to TjMAX [°C]","E-core 4 Distance to TjMAX [°C]","E-core 5 Distance to TjMAX [°C]","E-core 6 Distance to TjMAX [°C]","E-core 7 Distance to TjMAX [°C]","E-core 8 Distance to TjMAX [°C]","E-core 9 Distance to TjMAX [°C]","CPU Package [°C]","Core Max [°C]","Core Thermal Throttling (avg) [Yes/No]","P-core 0 Thermal Throttling [Yes/No]","P-core 1 Thermal Throttling [Yes/No]","E-core 2 Thermal Throttling [Yes/No]","E-core 3 Thermal Throttling [Yes/No]","E-core 4 Thermal Throttling [Yes/No]","E-core 5 Thermal Throttling [Yes/No]","E-core 6 Thermal Throttling [Yes/No]","E-core 7 Thermal Throttling [Yes/No]","E-core 8 Thermal Throttling [Yes/No]","E-core 9 Thermal Throttling [Yes/No]","Core Critical Temperature (avg) [Yes/No]","P-core 0 Critical Temperature [Yes/No]","P-core 1 Critical Temperature [Yes/No]","E-core 2 Critical Temperature [Yes/No]","E-core 3 Critical Temperature [Yes/No]","E-core 4 Critical Temperature [Yes/No]","E-core 5 Critical Temperature [Yes/No]","E-core 6 Critical Temperature [Yes/No]","E-core 7 Critical Temperature [Yes/No]","E-core 8 Critical Temperature [Yes/No]","E-core 9 Critical Temperature [Yes/No]","Core Power Limit Exceeded (avg) [Yes/No]","P-core 0 Power Limit Exceeded [Yes/No]","P-core 1 Power Limit Exceeded [Yes/No]","E-core 2 Power Limit Exceeded [Yes/No]","E-core 3 Power Limit Exceeded [Yes/No]","E-core 4 Power Limit Exceeded [Yes/No]","E-core 5 Power Limit Exceeded [Yes/No]","E-core 6 Power Limit Exceeded [Yes/No]","E-core 7 Power Limit Exceeded [Yes/No]","E-core 8 Power Limit Exceeded [Yes/No]","E-core 9 Power Limit Exceeded [Yes/No]","Package/Ring Thermal Throttling [Yes/No]","Package/Ring Critical Temperature [Yes/No]","Package/Ring Power Limit Exceeded [Yes/No]","CPU Package [°C]","CPU IA Cores [°C]","CPU GT Cores (Graphics) [°C]","VR VCC Temperature (SVID) [°C]","Voltage Offsets (avg) [V]","IA Voltage Offset [V]","GT Voltage Offset [V]","CLR (CBo/LLC/Ring) Voltage Offset [V]","GT Media Voltage Offset [V]","SA Voltage Offset [V]","L2 E-core Voltage Offset [V]","VDDQ TX Voltage [V]","VR VCC Current (SVID IOUT) [A]","CPU Package Power [W]","IA Cores Power [W]","Total System Power [W]","System Agent Power [W]","Rest-of-Chip Power [W]","PCH Power [W]","PL1 Power Limit (Static) [W]","PL1 Power Limit (Dynamic) [W]","PL2 Power Limit (Static) [W]","PL2 Power Limit (Dynamic) [W]","VR VCC Power (SVID POUT) [W]","GPU Clock [MHz]","GPU D3D Memory Dynamic [MB]","Current cTDP Level []","Package C2 Residency [%]","Core C0 Residency (avg) [%]","P-core 0 T0 C0 Residency [%]","P-core 0 T1 C0 Residency [%]","P-core 1 T0 C0 Residency [%]","P-core 1 T1 C0 Residency [%]","E-core 2 T0 C0 Residency [%]","E-core 3 T0 C0 Residency [%]","E-core 4 T0 C0 Residency [%]","E-core 5 T0 C0 Residency [%]","E-core 6 T0 C0 Residency [%]","E-core 7 T0 C0 Residency [%]","E-core 8 T0 C0 Residency [%]","E-core 9 T0 C0 Residency [%]","Core C1 Residency (avg) [%]","P-core 0 C1 Residency [%]","P-core 1 C1 Residency [%]","E-core 2 C1 Residency [%]","E-core 3 C1 Residency [%]","E-core 4 C1 Residency [%]","E-core 5 C1 Residency [%]","E-core 6 C1 Residency [%]","E-core 7 C1 Residency [%]","E-core 8 C1 Residency [%]","E-core 9 C1 Residency [%]","Core C6 Residency (avg) [%]","P-core 0 C6 Residency [%]","P-core 1 C6 Residency [%]","E-core 2 C6 Residency [%]","E-core 3 C6 Residency [%]","E-core 4 C6 Residency [%]","E-core 5 C6 Residency [%]","E-core 6 C6 Residency [%]","E-core 7 C6 Residency [%]","E-core 8 C6 Residency [%]","E-core 9 C6 Residency [%]","Core C7 Residency (avg) [%]","P-core 0 C7 Residency [%]","P-core 1 C7 Residency [%]","Memory Clock [MHz]","Memory Clock Ratio [x]","Tcas [T]","Trcd [T]","Trp [T]","Tras [T]","Trc [T]","Trfc [T]","Command Rate [T]","Gear Mode []","IA Limit Reasons (avg) [Yes/No]","IA: PROCHOT [Yes/No]","IA: Thermal Event [Yes/No]","IA: Residency State Regulation [Yes/No]","IA: Running Average Thermal Limit [Yes/No]","IA: VR Thermal Alert [Yes/No]","IA: VR TDC [Yes/No]","IA: Electrical Design Point/Other (ICCmax,PL4,SVID,DDR RAPL) [Yes/No]","IA: Package-Level RAPL/PBM PL1 [Yes/No]","IA: Package-Level RAPL/PBM PL2,PL3 [Yes/No]","IA: Max Turbo Limit [Yes/No]","IA: Turbo Attenuation (MCT) [Yes/No]","IA: Thermal Velocity Boost [Yes/No]","GT Limit Reasons (avg) [Yes/No]","GT: PROCHOT [Yes/No]","GT: Thermal Event [Yes/No]","GT: DDR RAPL [Yes/No]","GT: Residency State Regulation [Yes/No]","GT: Running Average Thermal Limit [Yes/No]","GT: VR Thermal Alert [Yes/No]","GT: VR TDC [Yes/No]","GT: Max VR Voltage, ICCmax, PL4 [Yes/No]","GT: Domain-Level PBM PLGT [Yes/No]","GT: Package-Level RAPL/PBM PL1 [Yes/No]","GT: Package-Level RAPL/PBM PL2,PL3 [Yes/No]","GT: Inefficient Operation [Yes/No]","GT: Fuses limit [Yes/No]","Ring Limit Reasons (avg) [Yes/No]","RING: PROCHOT [Yes/No]","RING: Thermal Event [Yes/No]","RING: DDR RAPL [Yes/No]","RING: Residency State Regulation [Yes/No]","RING: Running Average Thermal Limit [Yes/No]","RING: VR Thermal Alert [Yes/No]","RING: VR TDC [Yes/No]","RING: Max VR Voltage, ICCmax, PL4 [Yes/No]","RING: Package-Level RAPL/PBM PL1 [Yes/No]","RING: Package-Level RAPL/PBM PL2,PL3 [Yes/No]","PCH Temperature [°C]","Drive Temperature [°C]","Drive Temperature 2 [°C]","Drive Temperature 3 [°C]","Drive Remaining Life [%]","Drive Available Spare [%]","Drive Failure [Yes/No]","Drive Warning [Yes/No]","Total Host Writes [GB]","Total Host Reads [GB]","Read Activity [%]","Write Activity [%]","Total Activity [%]","Read Rate [MB/s]","Write Rate [MB/s]","Read Total [MB]","Write Total [MB]","Battery Voltage [V]","Remaining Capacity [Wh]","Charge Level [%]","Charge Rate [W]","Wear Level [%]","Framerate Presented (avg) [FPS]","Framerate Presented (99%) [FPS]","Framerate Presented (1%) [FPS]","Framerate Presented (0.1%) [FPS]","Framerate Presented (1% low) [FPS]","Framerate Presented (0.1% low) [FPS]","Framerate Displayed (avg) [FPS]","Framerate Displayed (99%) [FPS]","Framerate Displayed (1%) [FPS]","Framerate Displayed (0.1%) [FPS]","Framerate Displayed (1% low) [FPS]","Framerate Displayed (0.1% low) [FPS]","Frame Time Presented (avg) [ms]","Frame Time Presented (99%) [ms]","Frame Time Presented (1%) [ms]","Frame Time Presented (0.1%) [ms]","Frame Time Displayed (1% high) [ms]","Frame Time Displayed (0.1% high) [ms]","GPU Busy (avg) [ms]","GPU Wait (avg) [ms]","CPU Busy (avg) [ms]","CPU Wait (avg) [ms]","Animation Error (avg) [ms]","Total Errors []",
17.12.2025,22:27:59.307,2652,7151,27.0,2873,5011,36.4,0.0,1.067,1.089,1.084,1.109,1.099,1.099,1.099,1.099,0.999,0.999,0.997,1.021,0.771,3411.7,4289.5,4289.5,3192.2,3192.2,3192.2,3192.2,3192.2,3192.2,3192.2,3192.2,99.8,3691.0,34.2,16.5,190.4,102.6,0.3,0.3,57.1,16.3,1.5,25.0,0.3,0.3,0.3,48.1,2.6,0.2,15.9,7.4,0.0,0.0,5.2,0.0,0.0,2.1,0.0,0.0,0.0,15.9,2.6,100.0,2.7,0.3,14.2,7.0,0.0,0.0,6.1,1.8,0.1,2.5,0.0,0.0,0.0,2.7,34.2,43.0,43.0,32.0,32.0,32.0,32.0,32.0,32.0,32.0,32.0,37.0,42,39,43,44,44,44,44,41,41,41,41,58,61,57,56,56,56,56,59,59,59,59,45,44,No,No,No,No,No,No,No,No,No,No,No,No,No,No,No,No,No,No,No,No,No,No,No,No,No,No,No,No,No,No,No,No,No,No,No,No,42,42,39,43,0.000,0.000,0.000,0.000,0.000,0.000,0.000,1.200,2.188,2.532,0.351,9.946,1.829,0.068,0.134,45.0,15.0,55.0,55.0,1.000,99.8,0,0,66.2,3.1,1.7,17.3,8.5,0.0,0.0,5.6,1.6,0.2,2.5,0.0,0.0,0.0,0.2,2.4,0.0,0.0,0.0,0.0,0.0,0.0,0.0,0.0,0.0,78.9,0.0,0.0,99.9,94.1,98.3,99.8,97.0,99.9,99.9,99.9,83.6,77.1,90.2,1596.1,16.00,22,22,22,52,74,560,1,2,Yes,No,No,No,No,No,No,No,No,No,Yes,No,No,No,No,No,No,No,No,No,No,No,No,No,No,No,No,No,No,No,No,No,No,No,No,No,No,No,39.0,40,40,40,89.0,100.0,No,No,19571,54901,0.0,3.0,3.0,0.000,0.823,2371,2155,12.757,44.631,100.0,0.000,17.4,0.0,0.0,0.0,0.0,0.0,0.0,0.0,0.0,0.0,0.0,0.0,0.0,0.00,0.00,0.00,0.00,0.00,0.00,0.00,0.00,0.00,0.00,0.00,0,
17.12.2025,22:28:1.303,2672,7132,27.2,2888,4996,36.6,0.0,1.097,1.084,1.078,1.123,1.083,1.093,1.138,1.093,1.093,1.093,1.093,1.023,0.771,3411.7,4289.5,4289.5,3192.2,3192.2,3192.2,3192.2,3192.2,3192.2,3192.2,3192.2,99.8,3691.0,98.0,16.0,367.2,385.7,0.3,2.6,145.8,70.3,69.4,73.7,19.8,16.8,8.7,132.2,5.8,0.3,18.3,16.4,0.0,0.1,7.0,4.9,3.6,3.5,13.4,1.3,0.6,18.3,5.8,100.0,8.3,0.2,27.5,29.3,0.0,0.3,15.6,7.4,7.4,7.5,2.1,1.8,0.9,8.3,34.2,43.0,43.0,32.0,32.0,32.0,32.0,32.0,32.0,32.0,32.0,37.0,43,40,44,45,45,45,45,41,41,41,41,57,60,56,55,55,55,55,59,59,59,59,45,45,No,No,No,No,No,No,No,No,No,No,No,No,No,No,No,No,No,No,No,No,No,No,No,No,No,No,No,No,No,No,No,No,No,No,No,No,45,45,41,42,0.000,0.000,0.000,0.000,0.000,0.000,0.000,1.200,15.313,4.313,1.945,11.840,1.910,0.096,0.134,45.0,15.0,55.0,55.0,15.000,99.8,0,0,59.7,5.1,1.6,19.6,17.4,0.0,0.1,7.5,3.6,3.8,4.0,1.3,1.4,0.6,1.0,3.6,1.7,0.0,0.6,1.4,1.2,1.3,0.0,0.0,0.0,77.3,0.9,0.9,99.8,91.3,94.8,94.9,94.3,98.6,98.6,99.3,75.8,72.9,78.6,1596.1,16.00,22,22,22,52,74,560,1,2,Yes,No,No,No,No,No,No,No,No,No,Yes,No,No,No,No,No,No,No,No,No,No,No,No,No,No,No,No,No,No,No,No,No,No,No,No,No,No,No,40.0,40,40,39,89.0,100.0,No,No,19571,54901,0.5,1.0,1.5,0.184,0.107,2371,2155,12.757,44.631,100.0,0.000,17.4,0.0,0.0,0.0,0.0,0.0,0.0,0.0,0.0,0.0,0.0,0.0,0.0,0.00,0.00,0.00,0.00,0.00,0.00,0.00,0.00,0.00,0.00,0.00,0,
17.12.2025,22:28:3.305,2665,7138,27.1,2883,5000,36.5,0.0,1.109,1.149,1.080,1.095,1.095,1.095,1.090,1.130,1.130,1.135,1.090,1.078,0.771,3411.7,4289.5,4289.5,3192.2,3192.2,3192.2,3192.2,3192.2,3192.2,3192.2,3192.2,99.8,3990.2,37.6,14.2,243.9,136.1,0.3,0.3,27.2,7.4,7.5,12.5,1.1,1.0,0.3,54.6,2.9,0.7,16.7,7.2,0.4,0.4,2.4,0.9,2.4,1.4,1.3,1.2,0.4,16.7,2.9,100.0,2.6,0.3,16.7,8.6,0.0,0.0,2.8,0.7,0.7,1.1,0.1,0.1,0.0,2.6,34.2,43.0,43.0,32.0,32.0,32.0,32.0,32.0,32.0,32.0,32.0,40.0,42,40,38,45,45,45,45,41,41,41,41,58,60,62,55,55,55,55,59,59,59,59,43,45,No,No,No,No,No,No,No,No,No,No,No,No,No,No,No,No,No,No,No,No,No,No,No,No,No,No,No,No,No,No,No,No,No,No,No,No,43,43,40,42,0.000,0.000,0.000,0.000,0.000,0.000,0.000,1.200,12.813,4.313,1.945,11.840,1.910,0.096,0.134,45.0,15.0,55.0,55.0,13.000,99.8,0,0,70.7,2.7,1.6,18.1,7.7,0.0,0.0,2.2,0.6,0.6,1.3,0.1,0.1,0.0,1.0,3.1,3.1,0.0,1.4,0.8,0.5,0.9,0.0,0.0,0.0,79.1,0.0,0.0,100.0,96.2,98.5,98.8,97.4,99.9,99.9,100.0,82.5,76.4,88.7,1596.1,16.00,22,22,22,52,74,560,1,2,Yes,No,No,No,No,No,No,No,No,No,Yes,No,No,No,No,No,No,No,No,No,No,No,No,No,No,No,No,No,No,No,No,No,No,No,No,No,No,No,40.0,40,40,39,89.0,100.0,No,No,19571,54901,0.0,2.5,2.5,0.000,0.123,2371,2155,12.759,44.631,100.0,0.000,17.4,0.0,0.0,0.0,0.0,0.0,0.0,0.0,0.0,0.0,0.0,0.0,0.0,0.00,0.00,0.00,0.00,0.00,0.00,0.00,0.00,0.00,0.00,0.00,0,
17.12.2025,22:28:5.310,2666,7137,27.1,2881,5003,36.5,0.0,1.131,1.099,1.099,1.114,1.099,1.122,1.127,1.122,1.177,1.177,1.177,1.023,0.771,3192.2,4289.5,4289.5,3192.2,3192.2,3192.2,3192.2,997.6,3192.2,3192.2,3192.2,99.8,3691.0,106.3,16.6,449.4,438.3,0.5,0.2,133.9,73.8,52.3,107.7,2.5,0.2,0.2,145.6,4.7,0.0,22.7,18.0,0.0,0.2,7.8,2.2,1.2,4.1,0.3,0.0,0.2,22.7,4.7,100.0,8.6,0.2,33.5,32.7,0.0,0.0,13.8,7.3,5.3,10.5,0.3,0.0,0.0,8.7,32.0,43.0,43.0,32.0,32.0,32.0,32.0,10.0,32.0,32.0,32.0,37.0,44,37,43,46,46,47,47,43,43,43,43,56,63,57,54,54,53,53,57,57,57,57,46,47,No,No,No,No,No,No,No,No,No,No,No,No,No,No,No,No,No,No,No,No,No,No,No,No,No,No,No,No,No,No,No,No,No,No,No,No,46,46,40,43,0.000,0.000,0.000,0.000,0.000,0.000,0.000,1.200,4.688,4.624,2.239,12.202,1.888,0.093,0.134,45.0,15.0,55.0,55.0,4.000,100.0,0,0,42.6,5.5,1.5,24.7,19.7,0.0,0.0,9.0,3.2,2.0,5.4,0.1,0.0,0.0,4.2,18.3,9.4,0.0,4.6,2.7,2.7,4.2,0.0,0.0,0.0,76.7,1.5,1.8,100.0,85.5,93.8,95.1,89.7,99.9,100.0,100.0,60.3,52.7,67.9,1596.1,16.00,22,22,22,52,74,560,1,2,Yes,No,No,No,No,No,No,No,No,No,Yes,No,No,No,No,No,No,No,No,No,No,No,No,No,No,No,No,No,No,No,No,No,No,No,No,No,No,No,39.0,40,40,40,89.0,100.0,No,No,19571,54901,0.6,2.2,2.8,0.016,0.328,2371,2156,12.757,44.631,100.0,0.000,17.4,0.0,0.0,0.0,0.0,0.0,0.0,0.0,0.0,0.0,0.0,0.0,0.0,0.00,0.00,0.00,0.00,0.00,0.00,0.00,0.00,0.00,0.00,0.00,0,
17.12.2025,22:28:7.311,2654,7149,27.0,2874,5009,36.4,0.0,1.059,0.950,1.115,1.000,1.130,1.000,1.139,1.099,1.009,1.009,1.139,0.898,0.771,3391.7,3790.7,4588.8,3192.2,3192.2,3192.2,3192.2,3192.2,3192.2,3192.2,3192.2,99.8,3192.2,24.7,13.2,171.1,53.3,0.1,0.1,29.0,21.6,0.2,7.5,0.1,0.1,0.1,36.1,1.7,0.4,14.2,4.1,0.0,0.0,1.4,0.0,0.0,0.5,0.0,0.1,0.1,14.2,1.7,100.0,1.9,0.2,12.5,3.8,0.0,0.0,2.5,2.0,0.0,1.2,0.0,0.0,0.0,1.9,34.0,38.0,46.0,32.0,32.0,32.0,32.0,32.0,32.0,32.0,32.0,32.0,41,38,34,43,43,43,43,41,41,41,41,59,62,66,57,57,57,57,59,59,59,59,44,43,No,No,No,No,No,No,No,No,No,No,No,No,No,No,No,No,No,No,No,No,No,No,No,No,No,No,No,No,No,No,No,No,No,No,No,No,43,43,40,42,0.000,0.000,0.000,0.000,0.000,0.000,0.000,1.200,2.500,4.624,2.239,12.202,1.888,0.093,0.134,45.0,15.0,55.0,55.0,1.000,99.8,0,0,76.4,2.0,1.6,15.3,4.5,0.0,0.0,1.6,0.7,0.0,0.4,0.0,0.0,0.0,0.7,1.3,1.3,0.0,1.8,1.6,0.0,0.5,0.0,0.0,0.0,79.3,0.0,0.0,100.0,96.6,97.7,100.0,99.1,100.0,100.0,100.0,87.3,80.9,93.6,1596.1,16.00,22,22,22,52,74,560,1,2,Yes,No,No,No,No,No,No,No,No,No,Yes,No,No,No,No,No,No,No,No,No,No,No,No,No,No,No,No,No,No,No,No,No,No,No,No,No,No,No,39.0,40,40,39,89.0,100.0,No,No,19571,54901,0.0,0.6,0.6,0.000,0.008,2371,2156,12.757,44.631,100.0,0.000,17.4,0.0,0.0,0.0,0.0,0.0,0.0,0.0,0.0,0.0,0.0,0.0,0.0,0.00,0.00,0.00,0.00,0.00,0.00,0.00,0.00,0.00,0.00,0.00,0,
17.12.2025,22:28:9.335,2662,7142,27.1,2874,5010,36.4,0.0,1.051,1.084,1.135,1.005,1.135,1.130,1.135,1.001,1.001,0.756,1.126,1.021,0.771,2972.7,4289.5,4588.8,3192.2,3192.2,1695.9,3192.2,3192.2,3192.2,1596.1,1596.1,99.8,3691.0,29.0,33.4,106.0,156.7,0.3,0.3,21.9,9.8,4.7,14.3,0.5,0.3,0.3,41.6,1.7,1.8,5.6,9.5,0.0,0.7,1.1,1.5,0.0,0.2,0.0,0.0,0.0,9.5,1.7,100.0,2.2,2.1,8.0,11.5,0.0,0.0,2.3,1.0,0.5,1.5,0.0,0.0,0.0,2.2,29.8,43.0,46.0,32.0,32.0,17.0,32.0,32.0,32.0,16.0,16.0,37.0,42,39,40,43,43,43,43,41,41,41,41,58,61,60,57,57,57,57,59,59,59,59,43,43,No,No,No,No,No,No,No,No,No,No,No,No,No,No,No,No,No,No,No,No,No,No,No,No,No,No,No,No,No,No,No,No,No,No,No,No,43,43,39,41,0.000,0.000,0.000,0.000,0.000,0.000,0.000,1.200,2.188,2.760,0.542,10.255,1.839,0.072,0.134,45.0,15.0,55.0,55.0,1.000,99.8,0,0,75.8,2.1,2.5,6.9,10.5,0.0,0.0,2.2,1.0,0.3,1.2,0.1,0.0,0.0,0.6,2.8,1.5,0.0,0.3,0.4,0.0,1.0,0.0,0.0,0.0,79.3,0.0,0.0,100.0,97.3,98.6,99.6,97.6,99.9,99.9,100.0,86.8,86.9,86.7,1596.1,16.00,22,22,22,52,74,560,1,2,Yes,No,No,No,No,No,No,No,No,No,Yes,No,No,No,No,No,No,No,No,No,No,No,No,No,No,No,No,No,No,No,No,No,No,No,No,No,No,No,39.0,40,40,39,89.0,100.0,No,No,19571,54901,0.0,1.1,1.1,0.000,0.034,2371,2156,12.759,44.631,100.0,0.000,17.4,0.0,0.0,0.0,0.0,0.0,0.0,0.0,0.0,0.0,0.0,0.0,0.0,0.00,0.00,0.00,0.00,0.00,0.00,0.00,0.00,0.00,0.00,0.00,0,
17.12.2025,22:28:11.339,2652,7152,27.0,2871,5013,36.4,0.0,1.095,0.958,1.069,0.979,1.108,1.148,1.148,1.138,1.148,1.108,1.148,0.898,0.771,2972.7,3790.7,4289.5,3092.4,3092.4,3192.2,3192.2,997.6,1695.9,3192.2,3192.2,99.8,3192.2,16.7,77.3,0.1,100.7,0.1,0.1,0.1,15.1,1.2,4.9,0.1,0.1,0.1,24.3,2.7,4.3,0.0,9.9,10.9,0.0,0.5,2.0,1.4,1.8,0.5,0.5,0.5,10.9,2.7,100.0,1.3,5.8,0.0,7.0,0.0,0.0,0.0,1.6,0.1,0.5,0.0,0.0,0.0,1.3,29.8,38.0,43.0,31.0,31.0,32.0,32.0,10.0,17.0,32.0,32.0,32.0,41,39,39,44,44,44,44,40,39,39,39,59,61,61,56,56,56,56,60,61,61,61,44,44,No,No,No,No,No,No,No,No,No,No,No,No,No,No,No,No,No,No,No,No,No,No,No,No,No,No,No,No,No,No,No,No,No,No,No,No,43,43,40,41,0.000,0.000,0.000,0.000,0.000,0.000,0.000,1.200,2.500,2.792,0.666,10.312,1.757,0.073,0.134,45.0,15.0,55.0,55.0,1.000,99.8,0,0,82.1,1.4,4.0,0.0,10.9,0.0,0.0,0.0,1.5,0.1,0.5,0.0,0.0,0.0,0.0,0.0,0.2,0.0,0.0,0.0,0.0,0.0,0.0,0.0,0.0,79.8,0.0,0.0,100.0,100.0,98.4,99.9,99.5,100.0,100.0,100.0,91.4,95.7,87.0,1596.1,16.00,22,22,22,52,74,560,1,2,Yes,No,No,No,No,No,No,No,No,No,Yes,No,No,No,No,No,No,No,No,No,No,No,No,No,No,No,No,No,No,No,No,No,No,No,No,No,No,No,39.0,40,40,40,89.0,100.0,No,No,19571,54901,0.0,1.6,1.6,0.000,0.195,2371,2156,12.757,44.631,100.0,0.000,17.4,0.0,0.0,0.0,0.0,0.0,0.0,0.0,0.0,0.0,0.0,0.0,0.0,0.00,0.00,0.00,0.00,0.00,0.00,0.00,0.00,0.00,0.00,0.00,0,
17.12.2025,22:28:13.329,2638,7166,26.9,2861,5023,36.2,0.0,1.108,1.077,1.082,1.131,1.092,1.130,1.125,1.130,1.130,1.090,1.090,1.021,0.771,3262.0,4289.5,4289.5,3192.2,3192.2,3192.2,1695.9,3192.2,3192.2,3192.2,3192.2,99.8,3691.0,18.4,55.4,0.1,152.3,0.1,0.1,0.1,11.4,0.1,1.3,0.1,0.1,0.1,27.4,1.6,3.0,0.7,12.1,0.7,0.7,0.0,1.2,0.7,0.0,0.0,0.0,0.0,12.1,1.6,100.0,1.4,4.1,0.0,11.0,0.0,0.0,0.0,1.2,0.0,0.1,0.0,0.0,0.0,1.4,32.7,43.0,43.0,32.0,32.0,32.0,17.0,32.0,32.0,32.0,32.0,37.0,42,40,40,44,44,44,44,40,40,40,40,58,60,60,56,56,56,56,60,60,60,60,43,44,No,No,No,No,No,No,No,No,No,No,No,No,No,No,No,No,No,No,No,No,No,No,No,No,No,No,No,No,No,No,No,No,No,No,No,No,43,43,40,41,0.000,0.000,0.000,0.000,0.000,0.000,0.000,1.200,2.500,2.563,0.405,10.154,1.808,0.067,0.134,45.0,15.0,55.0,55.0,1.000,99.8,0,0,79.5,1.6,3.4,0.0,13.7,0.0,0.0,0.0,1.4,0.0,0.1,0.0,0.0,0.0,0.2,0.0,1.7,0.0,0.0,0.0,0.0,0.0,0.0,0.0,0.0,79.8,0.0,0.0,100.0,100.0,98.5,100.0,99.8,100.0,100.0,100.0,89.5,96.1,82.9,1596.1,16.00,22,22,22,52,74,560,1,2,Yes,No,No,No,No,No,No,No,No,No,Yes,No,No,No,No,No,No,No,No,No,No,No,No,No,No,No,No,No,No,No,No,No,No,No,No,No,No,No,38.0,40,40,39,89.0,100.0,No,No,19571,54901,0.0,0.9,0.9,0.000,0.006,2371,2156,12.756,44.631,100.0,0.000,17.4,0.0,0.0,0.0,0.0,0.0,0.0,0.0,0.0,0.0,0.0,0.0,0.0,0.00,0.00,0.00,0.00,0.00,0.00,0.00,0.00,0.00,0.00,0.00,0,
17.12.2025,22:28:15.336,2636,7168,26.8,2860,5024,36.2,0.0,1.013,0.965,1.085,0.980,1.095,1.005,1.135,0.755,1.005,1.095,1.005,0.913,0.771,3042.6,3890.5,4389.3,3092.4,3092.4,3192.2,3192.2,1596.1,1596.1,3192.2,3192.2,99.8,3291.9,13.8,35.4,0.1,124.3,0.1,0.1,0.1,4.7,0.1,0.7,0.1,0.1,0.1,20.6,1.1,2.2,0.0,9.8,0.0,0.0,0.0,0.0,0.0,1.0,0.0,0.0,0.2,9.8,1.1,100.0,1.0,2.6,0.0,9.0,0.0,0.0,0.0,0.5,0.0,0.1,0.0,0.0,0.0,1.0,30.5,39.0,44.0,31.0,31.0,32.0,32.0,16.0,16.0,32.0,32.0,33.0,41,38,38,44,44,44,44,40,40,40,40,59,62,62,56,56,56,56,60,60,60,60,44,44,No,No,No,No,No,No,No,No,No,No,No,No,No,No,No,No,No,No,No,No,No,No,No,No,No,No,No,No,No,No,No,No,No,No,No,No,43,43,40,41,0.000,0.000,0.000,0.000,0.000,0.000,0.000,1.200,2.813,2.607,0.435,9.982,1.814,0.069,0.134,45.0,15.0,55.0,55.0,1.000,99.8,0,0,84.7,1.1,2.1,0.0,10.9,0.0,0.0,0.0,0.4,0.0,0.1,0.0,0.0,0.0,0.0,0.0,0.3,0.0,0.0,0.0,0.0,0.0,0.0,0.0,0.0,79.9,0.0,0.0,100.0,100.0,99.5,100.0,99.9,100.0,100.0,100.0,92.4,97.7,87.2,1596.1,16.00,22,22,22,52,74,560,1,2,Yes,No,No,No,No,No,No,No,No,No,Yes,No,No,No,No,No,No,No,No,No,No,No,No,No,No,No,No,No,No,No,No,No,No,No,No,No,No,No,39.0,39,39,41,89.0,100.0,No,No,19571,54901,0.0,1.7,1.7,0.000,0.032,2371,2156,12.756,44.631,100.0,0.000,17.4,0.0,0.0,0.0,0.0,0.0,0.0,0.0,0.0,0.0,0.0,0.0,0.0,0.00,0.00,0.00,0.00,0.00,0.00,0.00,0.00,0.00,0.00,0.00,0,
17.12.2025,22:28:17.332,2635,7168,26.8,2858,5026,36.2,0.0,1.076,1.035,1.085,1.000,1.000,1.141,1.121,1.111,1.101,1.081,1.081,0.968,0.771,3122.4,4090.0,4289.5,3192.2,3192.2,3192.2,3192.2,997.6,3092.4,2992.7,2992.7,99.8,3491.5,16.9,47.0,0.1,139.5,0.1,0.1,0.1,14.2,0.3,0.9,0.1,0.1,0.1,25.2,1.5,2.6,0.4,10.8,0.4,0.4,0.4,1.7,0.0,0.5,0.4,0.4,0.4,10.8,1.5,100.0,1.3,3.5,0.0,10.0,0.0,0.0,0.0,1.5,0.0,0.1,0.0,0.0,0.0,1.3,31.3,41.0,43.0,32.0,32.0,32.0,32.0,10.0,31.0,30.0,30.0,35.0,41,38,34,44,44,44,44,40,40,40,40,59,62,66,56,56,56,56,60,60,60,60,43,44,No,No,No,No,No,No,No,No,No,No,No,No,No,No,No,No,No,No,No,No,No,No,No,No,No,No,No,No,No,No,No,No,No,No,No,No,43,43,40,41,0.000,0.000,0.000,0.000,0.000,0.000,0.000,1.200,4.063,2.509,0.396,9.889,1.775,0.065,0.134,45.0,15.0,55.0,55.0,2.000,99.8,0,0,80.9,1.4,3.3,0.0,12.5,0.0,0.0,0.0,1.4,0.0,0.1,0.0,0.0,0.0,0.1,0.0,1.2,0.0,0.0,0.0,0.0,0.0,0.0,0.0,0.0,79.8,0.0,0.0,100.0,100.0,98.5,100.0,99.9,100.0,100.0,100.0,90.5,96.4,84.6,1596.1,16.00,22,22,22,52,74,560,1,2,Yes,No,No,No,No,No,No,No,No,No,Yes,No,No,No,No,No,No,No,No,No,No,No,No,No,No,No,No,No,No,No,No,No,No,No,No,No,No,No,39.0,39,39,39,89.0,100.0,No,No,19571,54901,0.0,0.7,0.7,0.000,0.010,2371,2156,12.758,44.631,100.0,0.000,17.4,0.0,0.0,0.0,0.0,0.0,0.0,0.0,0.0,0.0,0.0,0.0,0.0,0.00,0.00,0.00,0.00,0.00,0.00,0.00,0.00,0.00,0.00,0.00,0,
17.12.2025,22:28:19.333,2636,7168,26.8,2858,5026,36.2,0.0,1.079,1.083,1.131,1.006,1.006,1.006,1.006,1.136,1.141,1.141,1.137,1.021,0.771,3132.3,4289.5,4588.8,3192.2,3192.2,3192.2,3192.2,1695.9,1596.1,3192.2,3192.2,99.8,3691.0,16.4,46.6,0.1,137.1,0.1,0.1,0.1,11.7,0.1,0.7,0.1,0.1,0.1,24.5,1.3,2.8,0.0,11.0,0.0,0.0,0.0,1.4,0.3,0.0,0.0,0.0,0.0,11.0,1.3,100.0,1.2,3.5,0.0,9.9,0.0,0.0,0.0,1.3,0.0,0.1,0.0,0.0,0.0,1.2,31.4,43.0,46.0,32.0,32.0,32.0,32.0,17.0,16.0,32.0,32.0,37.0,40,38,34,43,43,43,43,40,40,40,40,60,62,66,57,57,57,57,60,60,60,60,43,43,No,No,No,No,No,No,No,No,No,No,No,No,No,No,No,No,No,No,No,No,No,No,No,No,No,No,No,No,No,No,No,No,No,No,No,No,42,42,39,41,0.000,0.000,0.000,0.000,0.000,0.000,0.000,1.200,2.188,2.536,0.447,10.011,1.738,0.068,0.134,45.0,15.0,55.0,55.0,1.000,99.8,0,0,81.2,1.3,2.7,0.0,12.1,0.0,0.0,0.0,1.1,0.0,0.1,0.0,0.0,0.0,0.2,0.0,1.5,0.0,0.0,0.0,0.0,0.0,0.0,0.0,0.0,79.9,0.0,0.0,100.0,100.0,98.8,100.0,99.9,100.0,100.0,100.0,90.9,97.0,84.8,1596.1,16.00,22,22,22,52,74,560,1,2,Yes,No,No,No,No,No,No,No,No,No,Yes,No,No,No,No,No,No,No,No,No,No,No,No,No,No,No,No,No,No,No,No,No,No,No,No,No,No,No,39.0,39,39,39,89.0,100.0,No,No,19571,54901,0.0,1.1,1.1,0.000,0.071,2371,2156,12.757,44.631,100.0,0.000,17.4,0.0,0.0,0.0,0.0,0.0,0.0,0.0,0.0,0.0,0.0,0.0,0.0,0.00,0.00,0.00,0.00,0.00,0.00,0.00,0.00,0.00,0.00,0.00,0,
17.12.2025,22:28:21.336,2635,7169,26.8,2858,5026,36.2,0.0,1.087,0.994,1.085,1.095,1.005,1.115,1.135,1.135,1.115,1.095,1.095,0.941,0.771,3381.7,3990.2,4289.5,3192.2,3192.2,3192.2,3192.2,3192.2,3192.2,3192.2,3192.2,99.8,3391.7,13.6,30.6,0.1,129.5,0.1,0.1,0.1,2.3,0.1,0.5,0.1,0.1,0.1,20.4,1.5,1.5,0.7,9.4,0.0,0.7,0.7,0.2,0.7,1.5,0.7,0.7,0.7,9.4,1.5,100.0,1.0,2.3,0.0,9.4,0.0,0.0,0.0,0.2,0.0,0.0,0.0,0.0,0.0,1.0,33.9,40.0,43.0,32.0,32.0,32.0,32.0,32.0,32.0,32.0,32.0,34.0,40,37,37,42,42,43,43,39,39,39,39,60,63,63,58,58,57,57,61,61,61,61,42,43,No,No,No,No,No,No,No,No,No,No,No,No,No,No,No,No,No,No,No,No,No,No,No,No,No,No,No,No,No,No,No,No,No,No,No,No,43,43,40,40,0.000,0.000,0.000,0.000,0.000,0.000,0.000,1.200,2.500,2.570,0.435,9.531,1.787,0.067,0.134,45.0,15.0,55.0,55.0,1.000,99.8,0,0,85.1,1.1,1.7,0.0,10.7,0.0,0.0,0.0,0.3,0.0,0.1,0.0,0.0,0.0,0.0,0.0,0.1,0.0,0.0,0.0,0.0,0.0,0.0,0.0,0.0,80.0,0.0,0.0,100.0,100.0,99.7,100.0,99.9,100.0,100.0,100.0,92.9,98.2,87.6,1596.1,16.00,22,22,22,52,74,560,1,2,Yes,No,No,No,No,No,No,No,No,No,Yes,No,No,No,No,No,No,No,No,No,No,No,No,No,No,No,No,No,No,No,No,No,No,No,No,No,No,No,39.0,39,39,39,89.0,100.0,No,No,19571,54901,0.0,1.4,1.4,0.000,0.055,2371,2156,12.757,44.631,100.0,0.000,17.4,0.0,0.0,0.0,0.0,0.0,0.0,0.0,0.0,0.0,0.0,0.0,0.0,0.00,0.00,0.00,0.00,0.00,0.00,0.00,0.00,0.00,0.00,0.00,0,
17.12.2025,22:28:23.335,2635,7169,26.8,2857,5027,36.2,0.0,1.014,0.961,1.087,0.977,0.967,0.967,0.967,0.967,1.117,1.070,1.065,0.913,0.771,3202.2,3890.5,4289.5,2992.7,2992.7,2992.7,2992.7,2992.7,2992.7,2992.7,2892.9,99.8,3291.9,13.3,38.8,0.1,113.8,0.1,0.1,0.1,5.3,0.1,0.2,0.1,0.1,0.1,19.8,0.9,2.1,0.0,8.7,0.0,0.0,0.0,0.3,0.0,0.0,0.0,0.0,0.0,8.7,0.9,100.0,1.0,2.9,0.0,8.2,0.0,0.0,0.0,0.5,0.0,0.0,0.0,0.0,0.0,1.0,32.1,39.0,43.0,30.0,30.0,30.0,30.0,30.0,30.0,30.0,29.0,33.0,41,36,37,43,43,43,43,41,41,41,41,59,64,63,57,57,57,57,59,59,59,59,43,43,No,No,No,No,No,No,No,No,No,No,No,No,No,No,No,No,No,No,No,No,No,No,No,No,No,No,No,No,No,No,No,No,No,No,No,No,42,42,39,40,0.000,0.000,0.000,0.000,0.000,0.000,0.000,1.200,2.188,2.548,0.428,8.522,1.780,0.064,0.135,45.0,15.0,55.0,55.0,1.000,99.8,0,0,84.7,1.1,2.3,0.0,10.1,0.0,0.0,0.0,0.5,0.0,0.0,0.0,0.0,0.0,0.1,0.0,1.0,0.0,0.0,0.0,0.0,0.0,0.0,0.0,0.0,79.9,0.0,0.0,100.0,100.0,99.4,100.0,100.0,100.0,100.0,100.0,92.4,97.4,87.4,1596.1,16.00,22,22,22,52,74,560,1,2,Yes,No,No,No,No,No,No,No,No,No,Yes,No,No,No,No,No,No,No,No,No,No,No,No,No,No,No,No,No,No,No,No,No,No,No,No,No,No,No,39.0,39,39,39,89.0,100.0,No,No,19571,54901,0.0,0.3,0.3,0.000,0.002,2371,2156,12.758,44.631,100.0,0.000,17.4,0.0,0.0,0.0,0.0,0.0,0.0,0.0,0.0,0.0,0.0,0.0,0.0,0.00,0.00,0.00,0.00,0.00,0.00,0.00,0.00,0.00,0.00,0.00,0,
17.12.2025,22:28:25.343,2635,7169,26.8,2857,5027,36.2,0.0,0.997,0.661,1.024,1.034,1.034,1.034,1.034,1.034,1.034,1.034,1.044,0.621,0.771,2922.9,1097.3,4189.8,2992.7,2992.7,2992.7,2992.7,2992.7,2992.7,2992.7,2992.7,99.8,498.8,12.7,28.8,0.1,119.8,0.1,0.1,0.1,3.4,0.1,0.2,0.1,0.1,0.1,19.1,2.6,1.8,0.0,8.1,20.9,0.0,0.0,0.0,0.0,0.1,0.0,0.0,0.0,20.9,2.6,100.0,1.0,3.2,0.0,8.6,0.0,0.0,0.0,0.3,0.0,0.0,0.0,0.0,0.0,1.0,29.3,11.0,42.0,30.0,30.0,30.0,30.0,30.0,30.0,30.0,30.0,5.0,40,35,38,43,43,43,43,40,40,40,40,60,65,62,57,57,57,57,60,60,60,60,42,43,No,No,No,No,No,No,No,No,No,No,No,No,No,No,No,No,No,No,No,No,No,No,No,No,No,No,No,No,No,No,No,No,No,No,No,No,42,42,39,40,0.000,0.000,0.000,0.000,0.000,0.000,0.000,1.200,2.188,2.477,0.383,8.342,1.763,0.064,0.134,45.0,15.0,55.0,55.0,0.000,99.8,0,0,83.9,1.1,2.8,0.0,10.0,0.0,0.0,0.0,0.3,0.0,0.0,0.0,0.0,0.0,0.1,0.3,1.0,0.0,0.0,0.0,0.0,0.0,0.0,0.0,0.0,80.0,0.0,0.0,100.0,100.0,99.6,100.0,100.0,100.0,100.0,100.0,92.0,96.6,87.3,1596.1,16.00,22,22,22,52,74,560,1,2,Yes,No,No,No,No,No,No,No,No,No,Yes,No,No,No,No,No,No,No,No,No,No,No,No,No,No,No,No,No,No,No,No,No,No,No,No,No,No,No,38.0,39,39,38,89.0,100.0,No,No,19571,54901,0.0,0.8,0.8,0.000,0.010,2371,2156,12.759,44.631,100.0,0.000,17.4,0.0,0.0,0.0,0.0,0.0,0.0,0.0,0.0,0.0,0.0,0.0,0.0,0.00,0.00,0.00,0.00,0.00,0.00,0.00,0.00,0.00,0.00,0.00,0,
17.12.2025,22:28:27.350,2634,7169,26.8,2856,5027,36.2,0.0,1.060,0.727,1.119,1.000,1.130,1.130,1.090,1.090,1.130,1.090,1.090,0.741,0.771,3132.3,1197.1,4588.8,3192.2,3192.2,3192.2,3192.2,3192.2,3192.2,3192.2,3192.2,99.8,1496.3,15.1,39.8,0.1,136.1,0.1,0.1,0.1,4.9,0.1,0.4,0.1,0.1,0.1,22.6,1.5,2.3,0.8,10.5,0.0,0.4,0.4,1.7,0.4,0.5,0.4,0.4,0.4,10.5,1.5,100.0,1.1,2.7,0.0,10.0,0.0,0.0,0.0,0.5,0.0,0.0,0.0,0.0,0.0,1.1,31.4,12.0,46.0,32.0,32.0,32.0,32.0,32.0,32.0,32.0,32.0,15.0,41,36,39,43,43,43,43,40,40,40,40,59,64,61,57,57,57,57,60,60,60,60,42,43,No,No,No,No,No,No,No,No,No,No,No,No,No,No,No,No,No,No,No,No,No,No,No,No,No,No,No,No,No,No,No,No,No,No,No,No,42,42,40,41,0.000,0.000,0.000,0.000,0.000,0.000,0.000,1.200,1.250,2.587,0.428,8.448,1.818,0.064,0.135,45.0,15.0,55.0,55.0,1.000,99.8,0,0,83.7,1.2,2.0,0.0,11.6,0.0,0.0,0.0,0.6,0.0,0.1,0.0,0.0,0.0,0.0,0.0,0.0,0.0,0.0,0.0,0.0,0.0,0.0,0.0,0.0,79.9,0.0,0.0,100.0,100.0,99.4,100.0,99.9,100.0,100.0,100.0,92.3,97.9,86.8,1596.1,16.00,22,22,22,52,74,560,1,2,Yes,No,No,No,No,No,No,No,No,No,Yes,No,No,No,No,No,No,No,No,No,No,No,No,No,No,No,No,No,No,No,No,No,No,No,No,No,No,No,38.0,39,39,39,89.0,100.0,No,No,19571,54901,0.0,0.3,0.3,0.000,0.002,2371,2157,12.758,44.631,100.0,0.000,17.4,0.0,0.0,0.0,0.0,0.0,0.0,0.0,0.0,0.0,0.0,0.0,0.0,0.00,0.00,0.00,0.00,0.00,0.00,0.00,0.00,0.00,0.00,0.00,0,
17.12.2025,22:28:29.361,2634,7169,26.8,2856,5027,36.2,0.0,0.718,0.661,0.660,0.710,0.710,0.719,0.735,0.740,0.738,0.750,0.762,0.616,0.771,1237.0,1097.3,1097.3,1097.3,1097.3,1197.1,1296.8,1296.8,1296.8,1396.6,1496.3,99.8,399.0,12.8,32.0,0.1,119.5,0.1,0.1,0.1,0.6,0.3,0.4,0.1,0.1,0.1,19.1,4.1,1.6,0.5,10.4,33.7,0.5,0.5,0.0,0.0,0.0,0.5,0.5,0.5,33.7,4.1,100.0,0.9,1.6,0.0,8.5,0.0,0.0,0.0,0.1,0.0,0.0,0.0,0.0,0.0,0.9,12.4,11.0,11.0,11.0,11.0,12.0,13.0,13.0,13.0,14.0,15.0,4.0,40,35,35,43,42,42,42,39,39,39,39,60,65,65,57,58,58,58,61,61,61,61,41,43,No,No,No,No,No,No,No,No,No,No,No,No,No,No,No,No,No,No,No,No,No,No,No,No,No,No,No,No,No,No,No,No,No,No,No,No,43,43,40,40,0.000,0.000,0.000,0.000,0.000,0.000,0.000,1.200,0.938,2.591,0.418,8.433,1.834,0.065,0.134,45.0,15.0,55.0,55.0,0.000,99.8,0,0,84.3,1.1,1.2,0.0,11.3,0.0,0.0,0.0,0.1,0.0,0.0,0.0,0.0,0.0,0.0,0.0,0.3,0.0,0.0,0.0,0.0,0.0,0.0,0.0,0.0,80.0,0.0,0.0,100.0,100.0,99.9,100.0,99.9,100.0,100.0,100.0,92.7,98.6,86.8,1596.1,16.00,22,22,22,52,74,560,1,2,Yes,No,No,No,No,No,No,No,No,No,Yes,No,No,No,No,No,No,No,No,No,No,No,No,No,No,No,No,No,No,No,No,No,No,No,No,No,No,No,38.0,39,39,38,89.0,100.0,No,No,19571,54901,0.0,1.3,1.3,0.000,0.608,2371,2158,12.756,44.631,100.0,0.000,17.4,0.0,0.0,0.0,0.0,0.0,0.0,0.0,0.0,0.0,0.0,0.0,0.0,0.00,0.00,0.00,0.00,0.00,0.00,0.00,0.00,0.00,0.00,0.00,0,
17.12.2025,22:28:31.354,2642,7162,26.9,2856,5028,36.2,0.0,0.756,0.665,0.679,0.759,0.757,0.773,0.778,0.787,0.786,0.787,0.785,0.616,0.771,1546.2,1097.3,1396.6,1496.3,1496.3,1596.1,1596.1,1695.9,1695.9,1695.9,1695.9,99.8,399.0,23.8,50.6,0.1,226.9,0.1,0.1,0.1,5.5,0.1,2.3,0.1,0.1,0.1,35.4,1.4,2.0,0.2,13.2,0.0,0.0,0.0,0.6,0.2,0.4,0.0,0.0,0.0,13.2,1.4,100.0,1.8,3.7,0.0,16.7,0.0,0.0,0.0,0.6,0.0,0.1,0.0,0.0,0.0,1.8,15.5,11.0,14.0,15.0,15.0,16.0,16.0,17.0,17.0,17.0,17.0,4.0,40,34,35,42,42,42,43,40,39,39,40,60,66,65,58,58,58,57,60,61,61,60,43,43,No,No,No,No,No,No,No,No,No,No,No,No,No,No,No,No,No,No,No,No,No,No,No,No,No,No,No,No,No,No,No,No,No,No,No,No,43,43,39,41,0.000,0.000,0.000,0.000,0.000,0.000,0.000,1.200,1.563,2.574,0.417,8.434,1.818,0.065,0.134,45.0,15.0,55.0,55.0,1.000,99.8,0,0,78.9,1.6,2.8,0.0,15.2,0.0,0.0,0.0,0.5,0.0,0.4,0.0,0.0,0.0,0.0,0.0,0.1,0.0,0.0,0.0,0.0,0.0,0.0,0.0,0.0,80.1,0.0,2.3,100.0,100.0,99.5,100.0,99.4,100.0,100.0,100.0,88.8,96.9,80.7,1596.1,16.00,22,22,22,52,74,560,1,2,Yes,No,No,No,No,No,No,No,No,No,Yes,No,No,No,No,No,No,No,No,No,No,No,No,No,No,No,No,No,No,No,No,No,No,No,No,No,No,No,39.0,39,39,38,89.0,100.0,No,No,19571,54901,0.0,0.7,0.7,0.000,0.052,2371,2158,12.758,44.631,100.0,0.000,17.4,0.0,0.0,0.0,0.0,0.0,0.0,0.0,0.0,0.0,0.0,0.0,0.0,0.00,0.00,0.00,0.00,0.00,0.00,0.00,0.00,0.00,0.00,0.00,0,
17.12.2025,22:28:33.357,2642,7162,26.9,2857,5027,36.2,0.0,1.035,0.742,1.116,1.086,1.132,1.132,1.002,1.002,1.002,1.002,1.132,0.683,0.771,3142.3,1296.8,4588.8,3192.2,3192.2,3192.2,3192.2,3192.2,3192.2,3192.2,3192.2,99.8,598.5,21.7,62.6,0.1,184.0,0.2,0.1,0.1,11.4,0.2,1.6,0.1,0.1,0.1,32.3,4.0,4.8,0.0,12.7,28.6,0.0,0.0,1.7,0.0,0.0,0.0,0.0,0.0,28.6,4.0,100.0,1.7,5.9,0.0,13.2,0.0,0.0,0.0,1.1,0.0,0.1,0.0,0.0,0.0,1.6,31.5,13.0,46.0,32.0,32.0,32.0,32.0,32.0,32.0,32.0,32.0,6.0,41,35,40,43,43,43,43,40,40,40,40,59,65,60,57,57,57,57,60,60,60,60,42,43,No,No,No,No,No,No,No,No,No,No,No,No,No,No,No,No,No,No,No,No,No,No,No,No,No,No,No,No,No,No,No,No,No,No,No,No,43,43,40,41,0.000,0.000,0.000,0.000,0.000,0.000,0.000,1.200,1.250,2.841,0.722,9.501,1.748,0.066,0.135,45.0,15.0,55.0,55.0,0.000,99.8,0,0,79.1,1.8,5.8,0.0,14.4,0.0,0.0,0.0,1.3,0.0,0.2,0.0,0.0,0.0,0.0,0.0,0.1,0.0,0.0,0.0,0.0,0.0,0.0,0.0,0.0,79.8,0.0,0.0,100.0,100.0,98.6,100.0,99.8,100.0,100.0,100.0,88.6,93.6,83.7,1596.1,16.00,22,22,22,52,74,560,1,2,Yes,No,No,No,No,No,No,No,No,No,Yes,No,No,No,No,No,No,No,No,No,No,No,No,No,No,No,No,No,No,No,No,No,No,No,No,No,No,No,39.0,39,39,38,89.0,100.0,No,No,19571,54901,0.6,1.7,2.3,0.396,0.030,2372,2158,12.757,44.631,100.0,0.000,17.4,0.0,0.0,0.0,0.0,0.0,0.0,0.0,0.0,0.0,0.0,0.0,0.0,0.00,0.00,0.00,0.00,0.00,0.00,0.00,0.00,0.00,0.00,0.00,0,
17.12.2025,22:28:35.358,2641,7162,26.9,2857,5027,36.2,0.0,0.807,0.654,0.791,0.826,0.825,0.825,0.835,0.828,0.828,0.828,0.828,0.621,0.771,1915.3,997.6,2194.6,1995.1,1995.1,1995.1,1995.1,1995.1,1995.1,1995.1,1995.1,99.8,498.8,13.3,45.7,0.1,108.9,0.1,0.1,0.1,4.3,0.1,0.5,0.1,0.1,0.1,19.9,2.6,2.1,16.7,9.6,0.0,0.2,0.2,0.5,0.2,1.0,0.2,0.2,0.2,16.7,2.6,100.0,0.9,2.0,0.0,7.8,0.0,0.0,0.0,0.4,0.0,0.0,0.0,0.0,0.0,1.0,19.2,10.0,22.0,20.0,20.0,20.0,20.0,20.0,20.0,20.0,20.0,5.0,39,35,35,42,42,42,42,38,39,39,39,61,65,65,58,58,58,58,62,61,61,61,42,42,No,No,No,No,No,No,No,No,No,No,No,No,No,No,No,No,No,No,No,No,No,No,No,No,No,No,No,No,No,No,No,No,No,No,No,No,43,43,40,41,0.000,0.000,0.000,0.000,0.000,0.000,0.000,1.200,2.813,2.705,0.502,10.268,1.839,0.069,0.133,45.0,15.0,55.0,55.0,1.000,99.8,0,0,84.5,1.1,2.1,0.0,10.5,0.0,0.0,0.0,0.3,0.0,0.1,0.0,0.0,0.0,0.0,0.0,0.0,0.0,0.0,0.0,0.0,0.0,0.0,0.0,0.0,80.2,0.0,2.4,100.0,100.0,99.6,100.0,99.9,100.0,100.0,100.0,91.6,97.6,85.5,1596.1,16.00,22,22,22,52,74,560,1,2,Yes,No,No,No,No,No,No,No,No,No,Yes,No,No,No,No,No,No,No,No,No,No,No,No,No,No,No,No,No,No,No,No,No,No,No,No,No,No,No,39.0,39,39,39,89.0,100.0,No,No,19571,54901,0.0,0.9,0.9,0.000,0.040,2372,2158,12.757,44.631,100.0,0.000,17.4,0.0,0.0,0.0,0.0,0.0,0.0,0.0,0.0,0.0,0.0,0.0,0.0,0.00,0.00,0.00,0.00,0.00,0.00,0.00,0.00,0.00,0.00,0.00,0,
17.12.2025,22:28:37.339,2633,7171,26.8,2856,5027,36.2,0.0,0.700,0.698,0.654,0.696,0.701,0.698,0.708,0.713,0.712,0.707,0.712,0.608,0.771,1047.4,997.6,997.6,997.6,997.6,997.6,1097.3,1097.3,1097.3,1097.3,1097.3,99.8,399.0,13.6,36.0,0.1,122.6,0.1,0.1,0.1,3.5,0.1,0.5,0.1,0.1,0.1,20.3,5.2,2.4,0.1,9.8,49.6,0.1,0.1,0.0,0.1,0.0,0.1,0.1,0.1,49.6,5.2,100.0,1.0,2.7,0.0,9.3,0.0,0.0,0.0,0.3,0.0,0.0,0.0,0.0,0.0,1.0,10.5,10.0,10.0,10.0,10.0,10.0,11.0,11.0,11.0,11.0,11.0,4.0,39,35,34,41,41,41,41,39,39,39,38,61,65,66,59,59,59,59,61,61,61,62,42,41,No,No,No,No,No,No,No,No,No,No,No,No,No,No,No,No,No,No,No,No,No,No,No,No,No,No,No,No,No,No,No,No,No,No,No,No,42,42,39,40,0.000,0.000,0.000,0.000,0.000,0.000,0.000,1.200,1.563,2.585,0.417,10.013,1.826,0.064,0.135,45.0,15.0,55.0,55.0,0.000,99.8,0,0,84.6,1.1,2.2,0.0,10.7,0.0,0.0,0.0,0.3,0.0,0.1,0.0,0.0,0.0,0.0,0.0,0.0,0.0,0.0,0.0,0.0,0.0,0.0,0.0,0.0,79.9,0.0,0.0,100.0,100.0,99.6,100.0,99.9,100.0,100.0,100.0,92.7,97.5,87.8,1596.1,16.00,22,22,22,52,74,560,1,2,Yes,No,No,No,No,No,No,No,No,No,Yes,No,No,No,No,No,No,No,No,No,No,No,No,No,No,No,No,No,No,No,No,No,No,No,No,No,No,No,38.0,39,39,39,89.0,100.0,No,No,19571,54901,0.0,1.4,1.4,0.000,0.063,2372,2158,12.757,44.631,100.0,0.000,17.4,0.0,0.0,0.0,0.0,0.0,0.0,0.0,0.0,0.0,0.0,0.0,0.0,0.00,0.00,0.00,0.00,0.00,0.00,0.00,0.00,0.00,0.00,0.00,0,
17.12.2025,22:28:39.342,2644,7160,26.9,2887,4997,36.6,0.0,1.115,1.108,1.093,1.126,1.126,1.156,1.145,1.100,1.100,1.100,1.100,1.031,0.768,3411.7,4289.5,4289.5,3192.2,3192.2,3192.2,3192.2,3192.2,3192.2,3192.2,3192.2,99.8,3691.0,313.8,484.1,0.2,582.1,2517.5,4.9,0.2,28.3,74.0,72.9,1.0,0.2,0.2,461.4,6.9,13.7,0.0,0.0,55.9,0.9,0.0,2.5,5.3,4.6,0.0,0.0,0.0,55.9,6.9,100.0,24.6,36.9,0.0,44.8,194.1,0.5,0.0,3.1,8.1,8.0,0.1,0.0,0.0,24.6,34.2,43.0,43.0,32.0,32.0,32.0,32.0,32.0,32.0,32.0,32.0,37.0,46,39,61,44,44,44,44,46,46,46,45,54,61,39,56,56,56,56,54,54,54,55,62,61,No,No,No,No,No,No,No,No,No,No,No,No,No,No,No,No,No,No,No,No,No,No,No,No,No,No,No,No,No,No,No,No,No,No,No,No,64,64,41,43,0.000,0.000,0.000,0.000,0.000,0.000,0.000,1.200,14.375,2.509,0.380,10.022,1.795,0.065,0.134,45.0,15.0,55.0,55.0,15.000,99.8,0,0,16.8,8.4,13.6,0.0,20.4,55.7,0.3,0.0,2.7,4.1,3.4,0.1,0.0,0.0,0.7,4.5,2.0,0.0,0.0,0.0,0.0,0.0,0.0,0.0,0.0,79.6,3.7,3.0,99.7,100.0,97.2,95.7,96.4,99.9,100.0,100.0,47.9,77.2,18.7,1596.1,16.00,22,22,22,52,74,560,1,2,Yes,No,No,No,No,No,No,No,No,No,Yes,No,No,No,No,No,No,No,No,No,No,No,No,No,No,No,No,No,No,No,No,No,No,No,No,No,No,No,39.0,39,39,39,89.0,100.0,No,No,19571,54901,1.6,0.9,2.5,0.693,0.152,2373,2158,12.757,44.631,100.0,0.000,17.4,0.0,0.0,0.0,0.0,0.0,0.0,0.0,0.0,0.0,0.0,0.0,0.0,0.00,0.00,0.00,0.00,0.00,0.00,0.00,0.00,0.00,0.00,0.00,0,
17.12.2025,22:28:41.338,2647,7157,26.9,2883,5000,36.5,0.0,1.089,1.133,1.083,1.088,1.079,1.079,1.079,1.087,1.087,1.087,1.087,1.026,0.768,3441.6,4588.8,4289.5,3192.2,3192.2,3192.2,3192.2,3192.2,3192.2,3192.2,3192.2,99.8,3691.0,416.5,809.0,0.1,1.4,3957.5,29.5,1.5,0.9,118.4,25.6,48.0,3.7,2.4,614.8,11.5,17.9,0.0,0.0,86.6,0.7,0.2,0.2,4.6,0.5,2.3,24.3,0.3,86.6,11.5,100.0,32.9,62.2,0.0,0.0,307.4,3.2,0.2,0.1,12.9,2.8,5.3,0.4,0.3,32.9,34.5,46.0,43.0,32.0,32.0,32.0,32.0,32.0,32.0,32.0,32.0,37.0,47,49,47,48,48,48,48,46,46,46,46,53,51,53,52,52,52,52,54,54,54,54,49,49,No,No,No,No,No,No,No,No,No,No,No,No,No,No,No,No,No,No,No,No,No,No,No,No,No,No,No,No,No,No,No,No,No,No,No,No,57,57,41,44,0.000,0.000,0.000,0.000,0.000,0.000,0.000,1.200,17.813,11.237,8.834,17.872,1.899,0.077,0.132,45.0,15.0,55.0,55.0,19.000,99.8,0,0,0.0,9.6,18.7,0.0,0.0,86.7,1.3,0.0,0.0,5.3,1.2,2.1,0.1,0.1,0.6,0.0,5.7,0.0,0.0,0.0,0.0,0.0,0.0,0.0,0.0,79.7,4.7,2.9,98.6,99.9,100.0,94.5,98.7,97.8,99.9,99.9,40.1,75.6,4.6,1596.1,16.00,22,22,22,52,74,560,1,2,Yes,No,No,No,No,No,No,No,No,No,Yes,No,No,No,No,No,No,No,No,No,No,No,No,No,No,No,No,No,No,No,No,No,No,No,No,No,No,No,40.0,39,39,39,89.0,100.0,No,No,19571,54901,0.0,2.0,2.0,0.000,0.219,2373,2159,12.758,44.631,100.0,0.000,17.4,0.0,0.0,0.0,0.0,0.0,0.0,0.0,0.0,0.0,0.0,0.0,0.0,0.00,0.00,0.00,0.00,0.00,0.00,0.00,0.00,0.00,0.00,0.00,0,
17.12.2025,22:28:43.349,2647,7157,27.0,3065,4818,38.8,0.0,1.124,1.108,1.094,1.149,1.109,1.109,1.109,1.159,1.139,1.134,1.129,0.676,0.768,2184.7,1596.1,1596.1,3192.2,997.6,997.6,2493.9,997.6,3391.7,3192.2,3391.7,99.8,997.6,189.8,267.4,0.4,9.7,459.5,192.9,1.9,0.7,633.1,610.7,88.3,3.8,9.3,195.7,21.4,11.7,22.3,48.1,23.8,19.3,0.0,0.0,60.3,59.1,9.3,1.5,1.3,60.3,21.4,100.0,18.7,19.0,0.0,0.1,36.1,21.2,0.2,0.1,69.6,67.0,9.6,0.3,1.0,18.7,21.9,16.0,16.0,32.0,10.0,10.0,25.0,10.0,34.0,32.0,34.0,10.0,42,36,37,45,45,45,45,42,42,42,42,58,64,63,55,55,55,55,58,58,58,58,45,45,No,No,No,No,No,No,No,No,No,No,No,No,No,No,No,No,No,No,No,No,No,No,No,No,No,No,No,No,No,No,No,No,No,No,No,No,44,44,41,44,0.000,0.000,0.000,0.000,0.000,0.000,0.000,1.200,20.313,13.755,11.486,19.871,1.746,0.059,0.132,45.0,15.0,55.0,55.0,21.000,99.8,0,0,0.2,15.5,12.6,0.0,0.6,24.2,18.4,0.1,0.0,60.9,59.8,8.2,0.2,0.7,4.3,12.7,26.7,0.0,0.0,0.0,3.1,0.9,0.0,0.0,0.0,65.2,1.8,3.4,81.5,99.8,100.0,35.6,39.0,91.8,99.8,99.2,55.8,69.5,42.0,1596.1,16.00,22,22,22,52,74,560,1,2,Yes,No,No,No,No,No,No,No,No,No,Yes,No,No,No,No,No,No,No,No,No,No,No,No,No,No,No,No,No,No,No,No,No,No,No,No,No,No,No,40.0,39,39,41,89.0,100.0,No,No,19571,54901,1.4,3.6,5.0,2.095,5.307,2377,2169,12.758,44.631,100.0,0.000,17.4,0.0,0.0,0.0,0.0,0.0,0.0,0.0,0.0,0.0,0.0,0.0,0.0,0.00,0.00,0.00,0.00,0.00,0.00,0.00,0.00,0.00,0.00,0.00,0,
17.12.2025,22:28:45.344,2661,7143,27.1,3207,4677,40.6,0.0,0.995,0.746,1.126,1.151,1.171,1.166,0.928,0.911,0.916,0.916,0.916,1.026,0.771,2114.8,1695.9,4289.5,997.6,997.6,3391.7,997.6,997.6,2593.7,2593.7,2593.7,99.8,3691.0,260.5,270.9,0.3,7.5,500.7,335.4,8.9,0.2,932.7,737.0,239.4,50.5,43.0,257.1,19.6,8.0,0.0,0.0,15.5,29.0,0.9,0.2,85.5,70.7,21.1,1.7,2.6,85.5,19.6,100.0,26.4,19.8,0.0,0.0,37.1,36.9,1.0,0.0,103.3,81.6,26.7,5.5,4.7,26.4,21.2,17.0,43.0,10.0,10.0,34.0,10.0,10.0,26.0,26.0,26.0,37.0,42,38,37,44,44,44,44,41,41,41,41,58,62,63,56,56,56,56,59,59,59,59,44,44,No,No,No,No,No,No,No,No,No,No,No,No,No,No,No,No,No,No,No,No,No,No,No,No,No,No,No,No,No,No,No,No,No,No,No,No,45,45,40,44,0.000,0.000,0.000,0.000,0.000,0.000,0.000,1.200,3.125,6.157,3.269,14.062,2.276,0.152,0.132,45.0,15.0,55.0,55.0,1.000,99.8,0,0,0.0,20.4,9.5,0.0,0.4,17.5,29.7,0.7,0.0,86.0,71.3,22.7,3.9,3.2,6.0,14.2,28.2,1.7,0.0,0.0,11.4,3.4,0.0,0.8,0.0,56.4,0.0,0.2,68.3,99.2,100.0,2.5,24.9,77.2,95.2,96.7,62.5,74.4,50.5,1596.1,16.00,22,22,22,52,74,560,1,2,Yes,No,No,No,No,No,No,No,No,No,Yes,No,No,No,No,No,No,No,No,No,No,No,No,No,No,No,No,No,No,No,No,No,No,No,No,No,No,No,40.0,39,39,46,89.0,100.0,No,No,19571,54901,2.4,7.4,9.8,2.291,14.108,2381,2196,12.756,44.631,100.0,0.000,17.4,0.0,0.0,0.0,0.0,0.0,0.0,0.0,0.0,0.0,0.0,0.0,0.0,0.00,0.00,0.00,0.00,0.00,0.00,0.00,0.00,0.00,0.00,0.00,0,
17.12.2025,22:28:47.346,2558,7245,26.0,3131,4753,39.7,0.0,1.022,0.821,1.100,0.839,0.843,0.843,1.151,1.161,1.161,1.156,1.143,0.758,0.768,1765.7,2394.1,4289.5,2094.9,997.6,997.6,997.6,997.6,1995.1,997.6,1895.4,99.8,1795.6,202.0,266.4,3.0,10.5,338.9,204.0,6.0,3.7,718.9,630.3,130.0,73.8,38.6,193.9,16.1,9.8,2.0,0.5,13.7,16.9,0.0,0.0,67.7,60.4,12.7,7.2,2.8,67.7,16.1,100.0,20.3,19.5,0.2,0.1,24.8,21.8,0.6,0.4,79.6,69.9,14.2,8.1,4.2,20.3,17.7,24.0,43.0,21.0,10.0,10.0,10.0,10.0,20.0,10.0,19.0,18.0,42,38,35,45,45,45,45,41,41,41,41,58,62,65,55,55,55,55,59,59,59,59,44,45,No,No,No,No,No,No,No,No,No,No,No,No,No,No,No,No,No,No,No,No,No,No,No,No,No,No,No,No,No,No,No,No,No,No,No,No,44,44,40,44,0.000,0.000,0.000,0.000,0.000,0.000,0.000,1.200,4.063,5.162,2.189,13.413,2.382,0.133,0.132,45.0,15.0,55.0,55.0,2.000,99.8,0,0,1.0,16.0,10.2,0.1,0.6,14.5,17.0,0.3,0.3,67.8,60.3,11.1,6.1,3.2,2.7,7.8,8.4,3.3,0.0,0.0,5.0,1.5,0.3,0.5,0.0,62.3,1.0,0.0,79.5,99.7,99.7,26.9,37.8,88.4,93.3,96.8,76.3,79.3,73.3,1596.1,16.00,22,22,22,52,74,560,1,2,Yes,No,No,No,No,No,No,No,No,No,Yes,No,No,No,No,No,No,No,No,No,No,No,No,No,No,No,No,No,No,No,No,No,No,No,No,No,No,No,40.0,40,40,50,89.0,100.0,No,No,19571,54901,0.4,13.8,14.1,0.344,24.907,2382,2243,12.757,44.631,100.0,0.000,17.4,0.0,0.0,0.0,0.0,0.0,0.0,0.0,0.0,0.0,0.0,0.0,0.0,0.00,0.00,0.00,0.00,0.00,0.00,0.00,0.00,0.00,0.00,0.00,0,
17.12.2025,22:28:49.345,2510,7293,25.6,3108,4776,39.4,0.0,0.762,0.787,0.780,0.713,0.773,0.693,0.773,0.773,0.778,0.778,0.773,0.731,0.768,1516.3,1596.1,1995.1,997.6,1596.1,1596.1,1596.1,997.6,1596.1,1596.1,1596.1,99.8,997.6,169.2,161.2,0.3,10.8,187.7,204.1,9.8,0.5,716.4,556.8,104.6,25.3,52.3,161.4,15.4,6.5,0.8,5.2,9.3,19.1,1.7,0.8,69.3,54.2,9.8,2.3,5.1,69.3,15.4,100.0,17.4,11.4,0.0,0.0,12.6,22.9,1.1,0.0,79.7,61.5,11.6,2.8,5.8,17.4,15.2,16.0,20.0,10.0,16.0,16.0,16.0,10.0,16.0,16.0,16.0,10.0,42,38,37,44,44,44,44,42,42,42,42,58,62,63,56,56,56,56,58,58,58,58,45,44,No,No,No,No,No,No,No,No,No,No,No,No,No,No,No,No,No,No,No,No,No,No,No,No,No,No,No,No,No,No,No,No,No,No,No,No,45,45,40,44,0.000,0.000,0.000,0.000,0.000,0.000,0.000,1.200,5.313,4.557,1.553,12.390,2.424,0.119,0.132,45.0,15.0,55.0,55.0,1.000,99.8,0,0,0.3,15.1,7.3,0.0,0.6,11.1,19.5,0.9,0.0,69.5,54.6,9.8,2.3,5.1,1.7,3.6,4.9,0.0,0.0,0.0,8.2,0.4,0.0,0.0,0.0,63.0,0.0,1.1,80.3,99.1,100.0,21.9,44.7,90.1,97.7,94.9,82.4,87.1,77.8,1596.1,16.00,22,22,22,52,74,560,1,2,Yes,No,No,No,No,No,No,No,No,No,Yes,No,No,No,No,No,No,No,No,No,No,No,No,No,No,No,No,No,No,No,No,No,No,No,No,No,No,No,41.0,40,40,46,89.0,100.0,No,No,19571,54901,0.6,8.2,8.7,0.292,18.093,2383,2278,12.758,44.631,100.0,0.000,17.4,0.0,0.0,0.0,0.0,0.0,0.0,0.0,0.0,0.0,0.0,0.0,0.0,0.00,0.00,0.00,0.00,0.00,0.00,0.00,0.00,0.00,0.00,0.00,0,
17.12.2025,22:28:51.350,2506,7297,25.5,3087,4797,39.1,0.0,1.098,0.848,1.098,1.158,1.083,1.123,1.138,1.123,1.123,1.142,1.142,1.021,0.771,2863.0,1995.1,4289.5,3391.7,997.6,3391.7,997.6,3391.7,3391.7,3391.7,3391.7,99.8,3691.0,154.0,127.7,0.4,5.7,132.1,152.8,0.9,0.9,755.5,603.5,44.1,23.3,1.5,147.0,14.0,6.2,0.0,3.7,6.6,14.8,0.0,0.0,73.3,59.2,2.4,1.2,0.0,73.3,14.0,100.0,16.2,9.0,0.0,0.1,9.8,16.8,0.1,0.1,83.5,67.1,4.9,2.6,0.2,16.2,28.7,20.0,43.0,34.0,10.0,34.0,10.0,34.0,34.0,34.0,34.0,37.0,41,36,34,45,45,45,45,41,41,41,41,59,64,66,55,55,55,55,59,59,59,59,44,45,No,No,No,No,No,No,No,No,No,No,No,No,No,No,No,No,No,No,No,No,No,No,No,No,No,No,No,No,No,No,No,No,No,No,No,No,44,44,40,44,0.000,0.000,0.000,0.000,0.000,0.000,0.000,1.200,11.563,3.811,1.224,10.089,2.003,0.125,0.132,45.0,15.0,55.0,55.0,12.000,99.8,0,0,0.2,14.0,7.0,0.0,0.3,7.1,14.4,0.0,0.0,73.8,59.3,4.1,2.1,0.1,1.7,4.2,4.5,0.4,0.0,0.0,8.2,0.0,0.0,0.0,0.0,63.7,0.0,0.0,85.0,100.0,100.0,17.7,40.4,95.9,97.9,99.9,86.8,87.4,86.2,1596.1,16.00,22,22,22,52,74,560,1,2,Yes,No,No,No,No,No,No,No,No,No,Yes,No,No,No,No,No,No,No,No,No,No,No,No,No,No,No,No,No,No,No,No,No,No,No,No,No,No,No,40.0,40,40,46,89.0,100.0,No,No,19571,54901,0.1,16.1,16.1,0.008,18.181,2383,2314,12.757,44.631,100.0,0.000,17.4,0.0,0.0,0.0,0.0,0.0,0.0,0.0,0.0,0.0,0.0,0.0,0.0,0.00,0.00,0.00,0.00,0.00,0.00,0.00,0.00,0.00,0.00,0.00,0,
17.12.2025,22:28:53.354,2417,7386,24.6,3004,4880,38.1,0.0,1.135,1.112,1.097,1.127,1.127,1.157,1.132,1.167,1.137,1.156,1.137,1.028,0.768,3192.2,4289.5,4289.5,3192.2,3192.2,3192.2,3192.2,3192.2,997.6,3192.2,3192.2,99.8,3691.0,706.0,814.5,130.9,387.1,971.9,871.8,437.4,405.7,1088.5,1208.0,853.5,717.5,585.7,638.5,36.1,25.1,4.7,14.9,30.0,50.0,21.4,19.3,66.8,75.7,50.2,41.7,33.3,75.7,36.1,100.0,69.6,59.6,7.2,26.5,72.0,94.8,47.1,43.3,117.8,132.1,93.5,77.6,63.7,69.6,32.0,43.0,43.0,32.0,32.0,32.0,32.0,32.0,10.0,32.0,32.0,37.0,55,56,62,56,56,56,56,53,53,53,53,45,44,38,44,44,44,44,47,47,47,47,60,62,No,No,No,No,No,No,No,No,No,No,No,No,No,No,No,No,No,No,No,No,No,No,No,No,No,No,No,No,No,No,No,No,No,No,No,No,60,60,42,44,0.000,0.000,0.000,0.000,0.000,0.000,0.000,1.200,35.626,12.307,8.903,19.070,2.714,0.228,0.132,45.0,15.0,55.0,55.0,37.000,99.8,0,0,0.1,36.1,27.7,3.3,10.1,31.7,50.7,21.3,19.2,67.8,76.4,49.9,41.8,32.8,14.9,36.0,32.3,14.0,3.6,4.0,22.3,16.7,8.6,8.4,2.8,36.1,3.1,1.5,34.6,74.7,76.3,9.7,6.8,40.8,49.4,63.8,28.5,29.7,27.3,1596.1,16.00,22,22,22,52,74,560,1,2,Yes,No,No,No,No,No,No,No,No,No,Yes,No,No,No,No,No,No,No,No,No,No,No,No,No,No,No,No,No,No,No,No,No,No,No,No,No,No,No,41.0,40,40,49,89.0,100.0,No,No,19571,54901,0.3,16.8,17.2,0.585,32.278,2384,2374,12.756,44.631,100.0,0.000,17.4,0.0,0.0,0.0,0.0,0.0,0.0,0.0,0.0,0.0,0.0,0.0,0.0,0.00,0.00,0.00,0.00,0.00,0.00,0.00,0.00,0.00,0.00,0.00,0,
17.12.2025,22:28:55.368,2541,7263,25.9,3112,4772,39.4,0.0,1.123,1.120,1.105,1.112,1.102,1.142,1.142,1.092,1.112,1.142,1.157,1.023,0.768,3411.7,4289.5,4289.5,3192.2,3192.2,3192.2,3192.2,3192.2,3192.2,3192.2,3192.2,99.8,3691.0,256.8,416.0,40.6,50.8,605.0,240.2,133.5,109.4,373.5,403.4,271.9,239.7,198.3,246.1,17.0,15.3,2.1,2.3,23.9,17.6,10.6,8.4,28.9,34.1,23.0,21.1,16.8,34.1,17.0,100.0,26.2,30.6,5.7,6.2,46.4,27.1,15.5,13.1,42.5,45.0,30.5,28.3,22.8,26.2,34.2,43.0,43.0,32.0,32.0,32.0,32.0,32.0,32.0,32.0,32.0,37.0,45,42,42,47,47,47,47,45,45,45,45,55,58,58,53,53,53,53,55,55,55,55,47,47,No,No,No,No,No,No,No,No,No,No,No,No,No,No,No,No,No,No,No,No,No,No,No,No,No,No,No,No,No,No,No,No,No,No,No,No,47,47,41,44,0.000,0.000,0.000,0.000,0.000,0.000,0.000,1.200,6.563,6.647,3.928,12.779,2.148,0.148,0.133,45.0,15.0,55.0,55.0,11.000,100.0,0,0,28.5,17.2,16.8,1.3,1.9,24.8,18.4,10.6,8.9,29.5,34.5,23.3,20.4,16.6,8.1,20.4,13.7,8.0,2.5,1.2,13.0,6.0,6.4,6.9,3.2,59.4,0.1,5.3,73.2,86.6,89.7,57.1,59.1,70.1,72.6,80.0,56.4,59.5,53.3,1596.1,16.00,22,22,22,52,74,560,1,2,Yes,No,No,No,No,No,No,No,No,No,Yes,No,No,No,No,No,No,No,No,No,No,No,No,No,No,No,No,No,No,No,No,No,No,No,No,No,No,No,41.0,41,41,42,89.0,100.0,No,No,19571,54901,0.4,7.2,7.6,0.630,7.247,2385,2389,12.756,44.631,100.0,0.000,17.4,0.0,0.0,0.0,0.0,0.0,0.0,0.0,0.0,0.0,0.0,0.0,0.0,0.00,0.00,0.00,0.00,0.00,0.00,0.00,0.00,0.00,0.00,0.00,0,
17.12.2025,22:28:57.374,2534,7270,25.8,3094,4790,39.2,0.0,0.689,0.704,0.658,0.683,0.683,0.683,0.683,0.699,0.699,0.699,0.699,0.658,0.768,977.6,1097.3,1097.3,897.8,897.8,897.8,897.8,997.6,997.6,997.6,997.6,99.8,498.8,103.3,145.5,10.6,49.6,302.8,53.9,3.2,3.0,328.6,213.6,59.9,40.5,28.7,112.1,3.8,5.9,0.0,0.0,15.3,1.5,0.0,0.0,14.7,8.3,0.2,0.0,0.0,15.3,3.8,100.0,9.2,10.5,0.8,3.1,22.5,5.9,0.2,0.3,35.8,21.5,4.8,3.2,2.3,9.2,9.8,11.0,11.0,9.0,9.0,9.0,9.0,10.0,10.0,10.0,10.0,5.0,42,38,37,44,44,44,44,42,41,41,41,58,62,63,56,56,56,56,58,59,59,59,45,44,No,No,No,No,No,No,No,No,No,No,No,No,No,No,No,No,No,No,No,No,No,No,No,No,No,No,No,No,No,No,No,No,No,No,No,No,45,45,41,44,0.000,0.000,0.000,0.000,0.000,0.000,0.000,1.200,5.313,4.728,2.171,11.034,2.080,0.081,0.134,45.0,15.0,55.0,55.0,3.000,99.8,0,0,52.2,4.9,7.4,0.3,2.0,17.1,2.2,0.1,0.1,15.1,9.7,2.2,1.6,1.0,2.6,4.9,9.6,0.0,0.9,0.5,1.9,1.8,1.7,2.1,2.8,75.8,0.0,2.1,97.8,98.9,99.3,82.6,88.3,96.1,96.3,96.2,76.9,86.3,67.5,1596.1,16.00,22,22,22,52,74,560,1,2,Yes,No,No,No,No,No,No,No,No,No,Yes,No,No,No,No,No,No,No,No,No,No,No,No,No,No,No,No,No,No,No,No,No,No,No,No,No,No,No,40.0,41,41,44,89.0,100.0,No,No,19571,54901,0.2,7.4,7.6,0.098,12.180,2385,2412,12.756,44.631,100.0,0.000,17.4,0.0,0.0,0.0,0.0,0.0,0.0,0.0,0.0,0.0,0.0,0.0,0.0,0.00,0.00,0.00,0.00,0.00,0.00,0.00,0.00,0.00,0.00,0.00,0,
17.12.2025,22:28:59.369,2537,7267,25.8,3086,4798,39.1,0.0,0.675,0.667,0.666,0.666,0.666,0.671,0.671,0.676,0.685,0.685,0.700,0.626,0.768,798.0,598.5,698.3,798.0,798.0,798.0,798.0,798.0,897.8,897.8,897.8,99.8,399.0,86.0,172.5,0.2,16.4,283.0,66.3,40.2,32.1,159.5,110.0,54.6,48.5,48.5,96.3,6.2,7.9,0.0,0.0,18.3,5.4,4.0,2.5,12.2,9.9,4.7,4.9,4.8,18.3,6.2,100.0,7.7,11.1,0.0,0.2,20.3,7.2,4.4,3.6,16.4,12.1,6.0,5.4,5.3,7.7,8.0,6.0,7.0,8.0,8.0,8.0,8.0,8.0,9.0,9.0,9.0,4.0,41,35,37,44,44,43,43,41,41,41,41,59,65,63,56,56,57,57,59,59,59,59,43,44,No,No,No,No,No,No,No,No,No,No,No,No,No,No,No,No,No,No,No,No,No,No,No,No,No,No,No,No,No,No,No,No,No,No,No,No,43,43,41,43,0.000,0.000,0.000,0.000,0.000,0.000,0.000,1.200,2.813,3.542,1.103,9.667,1.997,0.084,0.131,45.0,15.0,55.0,55.0,3.000,99.8,0,0,57.1,6.7,8.9,0.0,1.6,19.6,6.1,3.7,3.0,12.6,10.4,5.2,4.6,4.6,1.7,2.3,6.7,0.0,0.0,0.0,3.8,3.6,0.0,0.0,0.0,74.2,0.0,0.0,93.7,96.2,97.0,83.4,85.9,94.8,95.4,95.3,79.3,87.8,70.9,1596.1,16.00,22,22,22,52,74,560,1,2,Yes,No,No,No,No,No,No,No,No,No,Yes,No,No,No,No,No,No,No,No,No,No,No,No,No,No,No,No,No,No,No,No,No,No,No,No,No,No,No,40.0,41,41,41,89.0,100.0,No,No,19571,54901,0.0,9.6,9.6,0.000,6.070,2385,2423,12.758,44.631,100.0,0.000,17.4,0.0,0.0,0.0,0.0,0.0,0.0,0.0,0.0,0.0,0.0,0.0,0.0,0.00,0.00,0.00,0.00,0.00,0.00,0.00,0.00,0.00,0.00,0.00,0,
17.12.2025,22:29:1.362,2520,7284,25.7,3054,4830,38.7,0.0,0.675,0.672,0.666,0.671,0.671,0.671,0.671,0.672,0.687,0.687,0.687,0.631,0.771,798.0,598.5,698.3,798.0,798.0,798.0,798.0,798.0,897.8,897.8,897.8,99.8,399.0,29.0,89.7,0.1,9.7,172.9,2.2,0.1,0.1,68.8,3.8,0.1,0.1,0.1,43.0,5.2,3.5,38.6,3.3,11.8,0.3,0.0,0.1,3.1,1.2,0.1,0.0,0.0,38.6,5.2,100.0,2.0,5.8,0.0,0.1,11.5,0.2,0.0,0.0,5.7,0.3,0.0,0.0,0.0,2.0,8.0,6.0,7.0,8.0,8.0,8.0,8.0,8.0,9.0,9.0,9.0,4.0,41,36,37,44,43,43,43,41,42,42,42,59,64,63,56,57,57,57,59,58,58,58,43,44,No,No,No,No,No,No,No,No,No,No,No,No,No,No,No,No,No,No,No,No,No,No,No,No,No,No,No,No,No,No,No,No,No,No,No,No,44,44,41,43,0.000,0.000,0.000,0.000,0.000,0.000,0.000,1.200,3.750,2.830,0.648,8.767,1.809,0.069,0.134,45.0,15.0,55.0,55.0,6.000,99.8,0,0,77.1,1.9,4.1,0.0,1.4,13.3,0.3,0.0,0.0,3.6,0.5,0.0,0.0,0.0,0.8,2.6,3.0,0.0,0.0,0.0,2.0,0.0,0.0,0.0,0.0,79.4,0.0,0.0,99.7,100.0,100.0,94.4,99.5,100.0,100.0,100.0,87.1,93.0,81.3,1596.1,16.00,22,22,22,52,74,560,1,2,Yes,No,No,No,No,No,No,No,No,No,Yes,No,No,No,No,No,No,No,No,No,No,No,No,No,No,No,No,No,No,No,No,No,No,No,No,No,No,No,40.0,41,41,41,89.0,100.0,No,No,19571,54901,0.0,3.6,3.6,0.000,13.621,2385,2450,12.757,44.631,100.0,0.000,17.4,0.0,0.0,0.0,0.0,0.0,0.0,0.0,0.0,0.0,0.0,0.0,0.0,0.00,0.00,0.00,0.00,0.00,0.00,0.00,0.00,0.00,0.00,0.00,0,
17.12.2025,22:29:3.361,2520,7284,25.7,3036,4847,38.5,0.0,1.058,0.798,1.133,0.858,1.083,1.158,1.065,1.065,1.145,1.135,1.140,0.753,0.768,2224.6,2294.4,4588.8,997.6,997.6,997.6,3391.7,997.6,2294.4,2294.4,3391.7,99.8,1695.9,141.8,564.2,1.9,20.4,589.5,42.5,2.2,2.2,340.3,125.2,9.1,2.1,2.1,195.4,10.3,34.8,5.3,2.7,38.1,3.8,1.0,1.0,27.4,5.5,1.7,1.0,1.0,38.1,10.3,100.0,11.6,42.4,0.1,0.3,44.6,4.5,0.1,0.1,35.1,11.2,0.9,0.1,0.1,11.6,22.3,23.0,46.0,10.0,10.0,10.0,34.0,10.0,23.0,23.0,34.0,17.0,41,35,37,44,44,44,44,41,41,41,41,59,65,63,56,56,56,56,59,59,59,59,44,44,No,No,No,No,No,No,No,No,No,No,No,No,No,No,No,No,No,No,No,No,No,No,No,No,No,No,No,No,No,No,No,No,No,No,No,No,44,44,41,44,0.000,0.000,0.000,0.000,0.000,0.000,0.000,1.200,11.563,2.830,0.648,8.767,1.809,0.069,0.134,45.0,15.0,55.0,55.0,12.000,99.8,0,0,2.1,9.9,36.0,0.2,1.5,39.1,3.9,0.3,0.3,28.4,7.9,1.0,0.3,0.3,1.7,3.8,10.2,0.0,0.0,0.0,1.7,1.5,0.0,0.0,0.0,77.2,7.3,12.0,95.8,99.5,99.5,69.6,90.2,98.8,99.5,99.5,44.0,51.3,36.7,1596.1,16.00,22,22,22,52,74,560,1,2,Yes,No,No,No,No,No,No,No,No,No,Yes,No,No,No,No,No,No,No,No,No,No,No,No,No,No,No,No,No,No,No,No,No,No,No,No,No,No,No,41.0,41,41,44,89.0,100.0,No,No,19571,54901,0.1,4.2,4.3,0.008,5.658,2385,2460,12.757,44.631,100.0,0.000,17.4,0.0,0.0,0.0,0.0,0.0,0.0,0.0,0.0,0.0,0.0,0.0,0.0,0.00,0.00,0.00,0.00,0.00,0.00,0.00,0.00,0.00,0.00,0.00,0,
17.12.2025,22:29:5.361,2513,7290,25.6,3029,4855,38.4,0.0,0.849,0.815,0.812,0.877,0.877,0.877,0.868,0.878,0.803,0.803,0.878,0.766,0.771,1596.1,1396.6,2593.7,2394.1,997.6,997.6,997.6,2294.4,997.6,997.6,2294.4,99.8,1895.4,137.4,742.0,1.2,21.3,716.9,2.0,1.6,1.6,143.6,11.7,3.7,1.8,1.5,203.8,9.3,48.9,0.0,0.0,47.4,0.2,0.0,0.0,13.4,1.1,0.0,0.0,0.0,48.9,9.3,100.0,10.8,56.6,0.0,0.3,54.8,0.1,0.1,0.1,15.8,1.2,0.3,0.1,0.1,10.8,16.0,14.0,26.0,24.0,10.0,10.0,10.0,23.0,10.0,10.0,23.0,19.0,41,38,35,44,44,44,44,41,41,41,41,59,62,65,56,56,56,56,59,59,59,59,45,44,No,No,No,No,No,No,No,No,No,No,No,No,No,No,No,No,No,No,No,No,No,No,No,No,No,No,No,No,No,No,No,No,No,No,No,No,44,44,41,44,0.000,0.000,0.000,0.000,0.000,0.000,0.000,1.200,6.563,4.256,1.709,10.356,1.972,0.119,0.132,45.0,15.0,55.0,55.0,3.000,99.8,0,0,0.0,9.7,49.9,0.2,1.6,48.2,0.2,0.2,0.2,13.6,1.2,0.4,0.2,0.2,4.4,28.2,15.3,0.0,0.0,0.0,0.0,0.0,0.0,0.0,0.0,80.1,11.4,8.0,99.6,99.6,99.6,86.2,98.5,99.4,99.6,99.6,18.5,10.1,27.0,1596.1,16.00,22,22,22,52,74,560,1,2,Yes,No,No,No,No,No,No,No,No,No,Yes,No,No,No,No,No,No,No,No,No,No,No,No,No,No,No,No,No,No,No,No,No,No,No,No,No,No,No,40.0,41,41,41,89.0,100.0,No,No,19571,54901,0.0,4.5,4.5,0.000,6.288,2385,2472,12.756,44.631,100.0,0.000,17.4,0.0,0.0,0.0,0.0,0.0,0.0,0.0,0.0,0.0,0.0,0.0,0.0,0.00,0.00,0.00,0.00,0.00,0.00,0.00,0.00,0.00,0.00,0.00,0,
17.12.2025,22:29:7.359,2511,7293,25.6,3012,4872,38.2,0.0,0.860,0.888,0.868,0.873,0.873,0.873,0.850,0.838,0.843,0.850,0.840,0.831,0.771,1895.4,2793.2,2793.2,2394.1,2394.1,2394.1,2194.6,997.6,997.6,997.6,997.6,99.8,2194.6,134.5,728.0,0.6,22.1,624.2,15.0,0.7,0.7,199.3,21.0,0.7,0.8,0.7,198.8,11.3,47.9,18.4,8.7,40.4,1.7,0.0,0.0,17.2,1.3,0.0,0.0,0.0,47.9,11.3,100.0,10.7,55.5,0.0,0.3,47.4,1.6,0.0,0.0,21.7,1.8,0.0,0.0,0.0,10.7,19.0,28.0,28.0,24.0,24.0,24.0,22.0,10.0,10.0,10.0,10.0,22.0,41,38,37,43,43,43,44,41,41,41,41,59,62,63,57,57,57,56,59,59,59,59,44,44,No,No,No,No,No,No,No,No,No,No,No,No,No,No,No,No,No,No,No,No,No,No,No,No,No,No,No,No,No,No,No,No,No,No,No,No,43,43,41,44,0.000,0.000,0.000,0.000,0.000,0.000,0.000,1.200,5.000,4.260,1.789,10.180,1.891,0.120,0.132,45.0,15.0,55.0,55.0,3.000,99.8,0,0,0.0,9.4,48.9,0.1,1.6,41.4,1.1,0.1,0.1,17.4,1.7,0.1,0.1,0.1,2.6,24.2,1.5,0.0,0.0,0.0,0.0,0.0,0.0,0.0,0.0,79.0,3.6,7.4,98.8,99.8,99.8,82.5,98.2,99.8,99.8,99.8,34.9,22.3,47.5,1596.1,16.00,22,22,22,52,74,560,1,2,Yes,No,No,No,No,No,No,No,No,No,Yes,No,No,No,No,No,No,No,No,No,No,No,No,No,No,No,No,No,No,No,No,No,No,No,No,No,No,No,40.0,41,41,41,89.0,100.0,No,No,19571,54901,0.0,6.0,6.0,0.000,8.054,2385,2488,12.756,44.631,100.0,0.000,17.4,0.0,0.0,0.0,0.0,0.0,0.0,0.0,0.0,0.0,0.0,0.0,0.0,0.00,0.00,0.00,0.00,0.00,0.00,0.00,0.00,0.00,0.00,0.00,0,
17.12.2025,22:29:9.357,2515,7289,25.6,3003,4880,38.0,0.0,0.879,0.804,0.919,0.901,0.901,0.871,0.871,0.868,0.883,0.883,0.883,0.758,0.768,2224.6,2394.1,3491.5,997.6,2493.9,2493.9,2493.9,997.6,2294.4,2294.4,2294.4,99.8,1795.6,132.8,553.3,1.1,580.3,286.7,2.4,1.3,1.3,49.7,113.0,1.3,1.3,1.2,184.5,10.0,35.9,0.2,48.6,17.9,0.3,0.2,0.2,3.7,12.2,0.2,0.2,0.2,48.6,10.0,100.0,10.6,41.5,0.0,44.0,22.0,0.2,0.1,0.1,6.0,12.8,0.1,0.1,0.1,10.6,22.3,24.0,35.0,10.0,25.0,25.0,25.0,10.0,23.0,23.0,23.0,18.0,42,36,38,44,44,44,44,42,42,42,42,58,64,62,56,56,56,56,58,58,58,58,44,44,No,No,No,No,No,No,No,No,No,No,No,No,No,No,No,No,No,No,No,No,No,No,No,No,No,No,No,No,No,No,No,No,No,No,No,No,44,44,41,44,0.000,0.000,0.000,0.000,0.000,0.000,0.000,1.200,5.000,4.171,1.670,10.093,1.924,0.117,0.132,45.0,15.0,55.0,55.0,3.000,99.8,0,0,0.2,9.4,37.2,0.2,39.6,19.3,0.3,0.2,0.2,4.9,10.8,0.2,0.2,0.2,2.7,2.1,24.4,0.0,0.0,0.0,0.0,0.0,0.0,0.0,0.0,78.9,2.6,4.8,99.6,99.7,99.7,94.9,89.0,99.7,99.7,99.7,33.9,56.0,11.8,1596.1,16.00,22,22,22,52,74,560,1,2,Yes,No,No,No,No,No,No,No,No,No,Yes,No,No,No,No,No,No,No,No,No,No,No,No,No,No,No,No,No,No,No,No,No,No,No,No,No,No,No,40.0,41,41,40,89.0,100.0,No,No,19571,54901,0.0,2.9,2.9,0.000,8.711,2385,2504,12.757,44.631,100.0,0.000,17.4,0.0,0.0,0.0,0.0,0.0,0.0,0.0,0.0,0.0,0.0,0.0,0.0,0.00,0.00,0.00,0.00,0.00,0.00,0.00,0.00,0.00,0.00,0.00,0,
17.12.2025,22:29:11.360,2513,7291,25.6,2987,4897,37.8,0.0,0.863,0.805,0.864,0.869,0.869,0.869,0.869,0.868,0.873,0.873,0.873,0.753,0.768,2324.3,2294.4,3192.2,2394.1,2394.1,2394.1,2394.1,997.6,2394.1,2394.1,2394.1,99.8,1695.9,133.9,520.7,1.6,910.5,1.3,18.5,1.8,1.8,1.7,144.3,1.7,1.7,1.7,182.2,9.5,31.6,0.9,61.1,0.0,1.7,1.0,1.0,1.0,13.5,0.9,0.9,0.9,61.1,9.5,100.0,10.6,38.8,0.0,69.8,0.0,1.9,0.1,0.1,0.1,16.0,0.1,0.1,0.1,10.6,23.3,23.0,32.0,24.0,24.0,24.0,24.0,10.0,24.0,24.0,24.0,17.0,41,36,37,44,44,44,44,42,41,41,41,59,64,63,56,56,56,56,58,59,59,59,43,44,No,No,No,No,No,No,No,No,No,No,No,No,No,No,No,No,No,No,No,No,No,No,No,No,No,No,No,No,No,No,No,No,No,No,No,No,44,44,41,44,0.000,0.000,0.000,0.000,0.000,0.000,0.000,1.200,6.875,4.087,1.652,9.846,1.859,0.118,0.132,45.0,15.0,55.0,55.0,5.000,99.8,0,0,0.1,9.3,32.9,0.2,61.9,0.1,1.8,0.2,0.2,0.2,13.6,0.2,0.2,0.2,2.9,0.8,28.5,0.0,0.0,0.0,0.0,0.0,0.0,0.0,0.0,78.9,0.0,7.3,98.0,99.6,99.6,99.6,86.2,99.6,99.6,99.6,32.9,63.8,2.0,1596.1,16.00,22,22,22,52,74,560,1,2,Yes,No,No,No,No,No,No,No,No,No,Yes,No,No,No,No,No,No,No,No,No,No,No,No,No,No,No,No,No,No,No,No,No,No,No,No,No,No,No,40.0,41,41,42,89.0,100.0,No,No,19572,54901,0.0,6.9,6.9,0.000,10.140,2385,2524,12.756,44.631,100.0,0.000,17.4,0.0,0.0,0.0,0.0,0.0,0.0,0.0,0.0,0.0,0.0,0.0,0.0,0.00,0.00,0.00,0.00,0.00,0.00,0.00,0.00,0.00,0.00,0.00,0,
17.12.2025,22:29:13.367,2515,7289,25.6,2979,4905,37.7,0.0,0.855,0.804,0.860,0.882,0.882,0.882,0.882,0.687,0.890,0.890,0.890,0.758,0.771,2324.3,2394.1,3092.4,2394.1,2394.1,2394.1,2394.1,997.6,2394.1,2394.1,2394.1,99.8,1795.6,133.1,467.2,1.8,941.0,1.7,9.4,2.0,2.0,2.0,156.0,10.7,2.0,2.0,178.4,9.0,30.0,0.0,61.7,1.5,0.0,0.0,0.0,0.0,14.6,0.1,0.0,0.0,61.7,9.0,100.0,10.6,34.9,0.1,72.2,0.1,0.9,0.1,0.1,0.1,17.2,1.1,0.1,0.1,10.6,23.3,24.0,31.0,24.0,24.0,24.0,24.0,10.0,24.0,24.0,24.0,18.0,42,37,38,44,43,43,43,42,42,42,42,58,63,62,56,57,57,57,58,58,58,58,44,44,No,No,No,No,No,No,No,No,No,No,No,No,No,No,No,No,No,No,No,No,No,No,No,No,No,No,No,No,No,No,No,No,No,No,No,No,44,44,40,44,0.000,0.000,0.000,0.000,0.000,0.000,0.000,1.200,6.563,4.308,1.764,10.373,1.966,0.119,0.132,45.0,15.0,55.0,55.0,5.000,99.8,0,0,0.0,9.4,31.3,0.2,62.5,0.1,0.9,0.3,0.3,0.2,14.8,1.1,0.3,0.2,2.6,0.3,25.6,0.0,0.0,0.0,0.0,0.0,0.0,0.0,0.0,78.8,0.0,7.8,98.8,99.5,99.5,99.5,84.9,98.7,99.5,99.5,35.0,66.2,3.9,1596.1,16.00,22,22,22,52,74,560,1,2,Yes,No,No,No,No,No,No,No,No,No,Yes,No,No,No,No,No,No,No,No,No,No,No,No,No,No,No,No,No,No,No,No,No,No,No,No,No,No,No,41.0,41,41,42,89.0,100.0,No,No,19572,54901,0.0,3.5,3.5,0.000,5.184,2385,2534,12.759,44.631,100.0,0.000,17.4,0.0,0.0,0.0,0.0,0.0,0.0,0.0,0.0,0.0,0.0,0.0,0.0,0.00,0.00,0.00,0.00,0.00,0.00,0.00,0.00,0.00,0.00,0.00,0,
17.12.2025,22:29:15.387,2514,7290,25.6,2962,4922,37.5,0.0,0.977,0.888,0.802,0.862,1.067,1.067,1.067,0.689,1.084,1.084,1.159,0.761,0.771,2613.6,2394.1,2394.1,997.6,2394.1,3391.7,3391.7,997.6,3391.7,3391.7,3391.7,99.8,1795.6,130.1,391.6,1.8,827.2,1.7,34.2,2.1,2.1,2.0,278.2,10.8,7.6,2.3,157.8,9.5,25.5,0.2,53.5,0.2,4.1,0.2,0.2,0.2,26.9,1.8,1.5,0.2,53.5,9.5,100.0,10.8,29.0,0.1,63.3,0.0,3.6,0.1,0.1,0.1,30.7,1.1,0.7,0.1,10.8,26.2,24.0,24.0,10.0,24.0,34.0,34.0,10.0,34.0,34.0,34.0,18.0,41,36,37,43,43,43,43,42,42,42,42,59,64,63,57,57,57,57,58,58,58,58,43,43,No,No,No,No,No,No,No,No,No,No,No,No,No,No,No,No,No,No,No,No,No,No,No,No,No,No,No,No,No,No,No,No,No,No,No,No,43,43,41,44,0.000,0.000,0.000,0.000,0.000,0.000,0.000,1.200,11.250,4.169,1.731,10.064,1.857,0.121,0.132,45.0,15.0,55.0,55.0,12.000,99.8,0,0,0.1,9.6,26.8,0.2,54.3,0.1,3.4,0.3,0.3,0.2,27.1,1.1,0.8,0.3,2.8,2.3,25.2,0.0,0.0,0.0,0.0,0.0,0.0,0.0,0.0,77.7,0.0,12.2,96.3,99.5,99.5,99.5,72.6,98.6,99.0,99.5,38.4,68.7,8.0,1596.1,16.00,22,22,22,52,74,560,1,2,Yes,No,No,No,No,No,No,No,No,No,Yes,No,No,No,No,No,No,No,No,No,No,No,No,No,No,No,No,No,No,No,No,No,No,No,No,No,No,No,39.0,41,41,40,89.0,100.0,No,No,19572,54901,0.0,7.1,7.1,0.000,11.695,2385,2556,12.757,44.631,100.0,0.000,17.4,0.0,0.0,0.0,0.0,0.0,0.0,0.0,0.0,0.0,0.0,0.0,0.0,0.00,0.00,0.00,0.00,0.00,0.00,0.00,0.00,0.00,0.00,0.00,0,
17.12.2025,22:29:17.385,2514,7290,25.6,2949,4935,37.4,0.0,0.684,0.672,0.636,0.681,0.681,0.680,0.695,0.700,0.700,0.700,0.700,0.636,0.771,927.7,798.0,798.0,897.8,897.8,897.8,997.6,997.6,997.6,997.6,997.6,99.8,399.0,48.6,253.8,0.2,239.1,0.1,9.4,0.1,0.1,0.1,78.6,1.1,0.1,0.1,62.9,3.6,18.2,0.0,15.5,0.0,0.0,0.5,0.5,0.5,7.4,0.0,0.0,0.4,18.2,3.6,100.0,3.9,18.5,0.0,17.9,0.0,1.0,0.0,0.0,0.0,8.7,0.1,0.0,0.0,3.9,9.3,8.0,8.0,9.0,9.0,9.0,10.0,10.0,10.0,10.0,10.0,4.0,40,35,37,43,43,43,43,40,40,40,40,60,65,63,57,57,57,57,60,60,60,60,43,43,No,No,No,No,No,No,No,No,No,No,No,No,No,No,No,No,No,No,No,No,No,No,No,No,No,No,No,No,No,No,No,No,No,No,No,No,43,43,41,43,0.000,0.000,0.000,0.000,0.000,0.000,0.000,1.200,2.188,3.975,1.587,9.998,1.808,0.121,0.132,45.0,15.0,55.0,55.0,1.000,99.8,0,0,55.4,3.8,20.2,0.0,16.5,0.0,0.9,0.0,0.0,0.0,7.8,0.1,0.0,0.0,0.1,0.9,0.4,0.0,0.0,0.0,0.0,0.0,0.0,0.0,0.0,79.1,0.0,0.0,99.1,100.0,100.0,100.0,92.0,99.9,100.0,100.0,79.3,76.6,82.0,1596.1,16.00,22,22,22,52,74,560,1,2,Yes,No,No,No,No,No,No,No,No,No,Yes,No,No,No,No,No,No,No,No,No,No,No,No,No,No,No,No,No,No,No,No,No,No,No,No,No,No,No,39.0,41,41,40,89.0,100.0,No,No,19572,54901,0.1,4.2,4.3,0.024,9.185,2385,2574,12.759,44.631,100.0,0.000,17.4,0.0,0.0,0.0,0.0,0.0,0.0,0.0,0.0,0.0,0.0,0.0,0.0,0.00,0.00,0.00,0.00,0.00,0.00,0.00,0.00,0.00,0.00,0.00,0,
17.12.2025,22:29:19.378,2511,7293,25.6,2937,4947,37.2,0.0,0.674,0.672,0.641,0.666,0.676,0.671,0.675,0.685,0.685,0.685,0.686,0.601,0.768,818.0,698.3,698.3,798.0,798.0,798.0,798.0,897.8,897.8,897.8,897.8,99.8,399.0,17.7,98.1,0.2,91.0,0.1,3.3,0.1,0.1,0.1,18.5,0.2,0.1,0.1,24.1,3.1,9.7,0.0,4.7,19.1,1.4,0.0,0.0,0.0,2.1,0.3,0.0,0.0,19.1,3.1,100.0,1.3,6.7,0.0,6.8,0.0,0.3,0.0,0.0,0.0,1.9,0.0,0.0,0.0,1.3,8.2,7.0,7.0,8.0,8.0,8.0,8.0,9.0,9.0,9.0,9.0,4.0,40,34,35,43,43,43,43,40,40,40,40,60,66,65,57,57,57,57,60,60,60,60,42,43,No,No,No,No,No,No,No,No,No,No,No,No,No,No,No,No,No,No,No,No,No,No,No,No,No,No,No,No,No,No,No,No,No,No,No,No,43,43,40,42,0.000,0.000,0.000,0.000,0.000,0.000,0.000,1.200,0.625,3.090,0.797,9.071,1.854,0.082,0.134,45.0,15.0,55.0,55.0,1.000,99.8,0,0,80.2,1.5,11.3,0.0,4.8,0.0,0.4,0.0,0.0,0.0,2.0,0.0,0.0,0.0,0.1,1.0,0.0,0.0,0.0,0.0,0.0,0.0,0.0,0.0,0.0,79.7,0.0,0.0,99.6,100.0,100.0,100.0,97.9,100.0,100.0,100.0,90.2,85.6,94.7,1596.1,16.00,22,22,22,52,74,560,1,2,Yes,No,No,No,No,No,No,No,No,No,Yes,No,No,No,No,No,No,No,No,No,No,No,No,No,No,No,No,No,No,No,No,No,No,No,No,No,No,No,39.0,41,41,41,89.0,100.0,No,No,19572,54901,0.0,3.0,3.0,0.000,5.598,2385,2585,12.758,44.631,100.0,0.000,17.4,0.0,0.0,0.0,0.0,0.0,0.0,0.0,0.0,0.0,0.0,0.0,0.0,0.00,0.00,0.00,0.00,0.00,0.00,0.00,0.00,0.00,0.00,0.00,0,
17.12.2025,22:29:21.385,2510,7294,25.6,2928,4955,37.1,0.0,0.673,0.673,0.636,0.666,0.671,0.666,0.680,0.685,0.685,0.686,0.686,0.601,0.771,828.0,698.3,698.3,798.0,798.0,798.0,897.8,897.8,897.8,897.8,897.8,99.8,399.0,19.3,150.4,0.2,64.2,0.1,0.6,0.1,0.1,0.1,16.1,0.1,0.1,0.1,26.9,1.3,10.1,0.0,3.4,0.2,0.3,0.2,0.2,0.2,0.5,0.2,0.2,0.2,10.1,1.3,100.0,1.5,10.8,0.0,4.8,0.0,0.1,0.0,0.0,0.0,1.7,0.0,0.0,0.0,1.5,8.3,7.0,7.0,8.0,8.0,8.0,9.0,9.0,9.0,9.0,9.0,4.0,40,36,35,43,43,43,43,39,39,39,39,60,64,65,57,57,57,57,61,61,61,61,43,43,No,No,No,No,No,No,No,No,No,No,No,No,No,No,No,No,No,No,No,No,No,No,No,No,No,No,No,No,No,No,No,No,No,No,No,No,43,43,40,42,0.000,0.000,0.000,0.000,0.000,0.000,0.000,1.200,0.938,2.608,0.434,8.534,1.814,0.069,0.134,45.0,15.0,55.0,55.0,0.000,99.8,0,0,79.9,1.5,12.3,0.0,4.3,0.0,0.1,0.0,0.0,0.0,1.1,0.0,0.0,0.0,0.1,0.6,0.0,0.0,0.0,0.0,0.0,0.0,0.0,0.0,0.0,79.9,0.0,0.0,99.9,100.0,100.0,100.0,98.8,100.0,100.0,100.0,90.2,85.0,95.4,1596.1,16.00,22,22,22,52,74,560,1,2,Yes,No,No,No,No,No,No,No,No,No,Yes,No,No,No,No,No,No,No,No,No,No,No,No,No,No,No,No,No,No,No,No,No,No,No,No,No,No,No,39.0,40,40,41,89.0,100.0,No,No,19572,54901,0.4,2.0,2.4,0.034,4.439,2385,2593,12.758,44.631,100.0,0.000,17.4,0.0,0.0,0.0,0.0,0.0,0.0,0.0,0.0,0.0,0.0,0.0,0.0,0.00,0.00,0.00,0.00,0.00,0.00,0.00,0.00,0.00,0.00,0.00,0,
17.12.2025,22:29:23.395,2511,7293,25.6,2918,4966,37.0,0.0,0.690,0.690,0.645,0.680,0.690,0.690,0.690,0.695,0.706,0.706,0.706,0.648,0.771,997.6,897.8,897.8,897.8,997.6,997.6,997.6,997.6,1097.3,1097.3,1097.3,99.8,399.0,46.0,230.2,0.2,189.8,0.1,35.8,9.2,2.8,1.8,50.0,13.2,9.6,9.2,58.8,2.9,15.0,0.0,9.5,0.0,1.4,1.0,0.5,0.5,4.3,0.6,1.0,0.9,15.0,2.9,100.0,3.7,16.5,0.0,14.1,0.0,3.9,1.0,0.3,0.2,5.3,1.3,1.0,1.0,3.7,10.0,9.0,9.0,9.0,10.0,10.0,10.0,10.0,11.0,11.0,11.0,4.0,40,36,32,43,43,43,43,40,40,39,39,60,64,68,57,57,57,57,60,60,61,61,43,43,No,No,No,No,No,No,No,No,No,No,No,No,No,No,No,No,No,No,No,No,No,No,No,No,No,No,No,No,No,No,No,No,No,No,No,No,43,43,40,43,0.000,0.000,0.000,0.000,0.000,0.000,0.000,1.200,2.813,2.729,0.492,8.614,1.875,0.068,0.134,45.0,15.0,55.0,55.0,0.000,99.8,0,0,67.8,3.2,16.7,0.0,10.0,0.0,2.7,0.8,0.3,0.2,4.4,1.2,0.7,0.7,0.6,3.3,1.8,0.0,0.0,0.0,0.0,0.0,0.5,0.0,0.5,79.1,2.5,1.2,97.1,99.2,99.7,99.8,95.2,98.2,99.2,98.8,80.6,75.1,86.1,1596.1,16.00,22,22,22,52,74,560,1,2,Yes,No,No,No,No,No,No,No,No,No,Yes,No,No,No,No,No,No,No,No,No,No,No,No,No,No,No,No,No,No,No,No,No,No,No,No,No,No,No,39.0,40,40,41,89.0,100.0,No,No,19572,54901,0.0,5.0,5.0,0.000,5.432,2385,2604,12.757,44.631,100.0,0.000,17.4,0.0,0.0,0.0,0.0,0.0,0.0,0.0,0.0,0.0,0.0,0.0,0.0,0.00,0.00,0.00,0.00,0.00,0.00,0.00,0.00,0.00,0.00,0.00,0,
17.12.2025,22:29:25.402,2499,7305,25.4,2905,4979,36.8,0.0,0.675,0.671,0.636,0.667,0.672,0.667,0.681,0.686,0.686,0.686,0.701,0.601,0.771,838.0,698.3,698.3,798.0,798.0,798.0,897.8,897.8,897.8,897.8,997.6,99.8,399.0,38.7,210.7,0.2,139.9,0.1,16.4,8.6,5.3,3.1,41.2,16.4,11.2,12.0,48.0,7.2,15.2,28.9,9.2,26.9,1.8,0.3,0.0,0.0,0.0,2.5,0.6,0.7,28.9,7.2,100.0,3.1,15.0,0.0,10.3,0.0,1.8,0.9,0.6,0.3,4.2,1.8,1.2,1.3,3.1,8.4,7.0,7.0,8.0,8.0,8.0,9.0,9.0,9.0,9.0,10.0,4.0,40,35,35,43,43,43,43,40,40,40,40,60,65,65,57,57,57,57,60,60,60,60,43,43,No,No,No,No,No,No,No,No,No,No,No,No,No,No,No,No,No,No,No,No,No,No,No,No,No,No,No,No,No,No,No,No,No,No,No,No,43,43,40,42,0.000,0.000,0.000,0.000,0.000,0.000,0.000,1.200,0.625,3.229,0.992,10.026,1.819,0.076,0.134,45.0,15.0,55.0,55.0,0.000,99.8,0,0,67.8,3.2,17.0,0.0,9.8,0.0,1.6,0.9,0.5,0.3,4.2,1.6,1.1,1.3,0.3,1.5,1.2,0.0,0.0,0.0,0.0,0.0,0.0,0.0,0.0,79.0,2.4,0.0,98.3,99.1,99.5,99.7,95.2,98.3,98.9,98.7,82.3,76.6,88.1,1596.1,16.00,22,22,22,52,74,560,1,2,Yes,No,No,No,No,No,No,No,No,No,Yes,No,No,No,No,No,No,No,No,No,No,No,No,No,No,No,No,No,No,No,No,No,No,No,No,No,No,No,39.0,40,40,39,89.0,100.0,No,No,19572,54901,0.0,1.0,1.0,0.000,3.029,2385,2609,12.758,44.631,100.0,0.000,17.4,0.0,0.0,0.0,0.0,0.0,0.0,0.0,0.0,0.0,0.0,0.0,0.0,0.00,0.00,0.00,0.00,0.00,0.00,0.00,0.00,0.00,0.00,0.00,0,
Date,Time,"Virtual Memory Committed [MB]","Virtual Memory Available [MB]","Virtual Memory Load [%]","Physical Memory Used [MB]","Physical Memory Available [MB]","Physical Memory Load [%]","Page File Usage [%]","Core VIDs (avg) [V]","P-core 0 VID [V]","P-core 1 VID [V]","E-core 2 VID [V]","E-core 3 VID [V]","E-core 4 VID [V]","E-core 5 VID [V]","E-core 6 VID [V]","E-core 7 VID [V]","E-core 8 VID [V]","E-core 9 VID [V]","Uncore VID [V]","SA VID [V]","Core Clocks (avg) [MHz]","P-core 0 Clock [MHz]","P-core 1 Clock [MHz]","E-core 2 Clock [MHz]","E-core 3 Clock [MHz]","E-core 4 Clock [MHz]","E-core 5 Clock [MHz]","E-core 6 Clock [MHz]","E-core 7 Clock [MHz]","E-core 8 Clock [MHz]","E-core 9 Clock [MHz]","Bus Clock [MHz]","Ring/LLC Clock [MHz]","Core Effective Clocks (avg) [MHz]","P-core 0 T0 Effective Clock [MHz]","P-core 0 T1 Effective Clock [MHz]","P-core 1 T0 Effective Clock [MHz]","P-core 1 T1 Effective Clock [MHz]","E-core 2 T0 Effective Clock [MHz]","E-core 3 T0 Effective Clock [MHz]","E-core 4 T0 Effective Clock [MHz]","E-core 5 T0 Effective Clock [MHz]","E-core 6 T0 Effective Clock [MHz]","E-core 7 T0 Effective Clock [MHz]","E-core 8 T0 Effective Clock [MHz]","E-core 9 T0 Effective Clock [MHz]","Average Effective Clock [MHz]","Core Usage (avg) [%]","P-core 0 T0 Usage [%]","P-core 0 T1 Usage [%]","P-core 1 T0 Usage [%]","P-core 1 T1 Usage [%]","E-core 2 T0 Usage [%]","E-core 3 T0 Usage [%]","E-core 4 T0 Usage [%]","E-core 5 T0 Usage [%]","E-core 6 T0 Usage [%]","E-core 7 T0 Usage [%]","E-core 8 T0 Usage [%]","E-core 9 T0 Usage [%]","Max CPU/Thread Usage [%]","Total CPU Usage [%]","On-Demand Clock Modulation [%]","Core Utility (avg) [%]","P-core 0 T0 Utility [%]","P-core 0 T1 Utility [%]","P-core 1 T0 Utility [%]","P-core 1 T1 Utility [%]","E-core 2 T0 Utility [%]","E-core 3 T0 Utility [%]","E-core 4 T0 Utility [%]","E-core 5 T0 Utility [%]","E-core 6 T0 Utility [%]","E-core 7 T0 Utility [%]","E-core 8 T0 Utility [%]","E-core 9 T0 Utility [%]","Total CPU Utility [%]","Core Ratios (avg) [x]","P-core 0 Ratio [x]","P-core 1 Ratio [x]","E-core 2 Ratio [x]","E-core 3 Ratio [x]","E-core 4 Ratio [x]","E-core 5 Ratio [x]","E-core 6 Ratio [x]","E-core 7 Ratio [x]","E-core 8 Ratio [x]","E-core 9 Ratio [x]","Uncore Ratio [x]","Core Temperatures (avg) [°C]","P-core 0 [°C]","P-core 1 [°C]","E-core 2 [°C]","E-core 3 [°C]","E-core 4 [°C]","E-core 5 [°C]","E-core 6 [°C]","E-core 7 [°C]","E-core 8 [°C]","E-core 9 [°C]","Core Distance to TjMAX (avg) [°C]","P-core 0 Distance to TjMAX [°C]","P-core 1 Distance to TjMAX [°C]","E-core 2 Distance to TjMAX [°C]","E-core 3 Distance to TjMAX [°C]","E-core 4 Distance to TjMAX [°C]","E-core 5 Distance to TjMAX [°C]","E-core 6 Distance to TjMAX [°C]","E-core 7 Distance to TjMAX [°C]","E-core 8 Distance to TjMAX [°C]","E-core 9 Distance to TjMAX [°C]","CPU Package [°C]","Core Max [°C]","Core Thermal Throttling (avg) [Yes/No]","P-core 0 Thermal Throttling [Yes/No]","P-core 1 Thermal Throttling [Yes/No]","E-core 2 Thermal Throttling [Yes/No]","E-core 3 Thermal Throttling [Yes/No]","E-core 4 Thermal Throttling [Yes/No]","E-core 5 Thermal Throttling [Yes/No]","E-core 6 Thermal Throttling [Yes/No]","E-core 7 Thermal Throttling [Yes/No]","E-core 8 Thermal Throttling [Yes/No]","E-core 9 Thermal Throttling [Yes/No]","Core Critical Temperature (avg) [Yes/No]","P-core 0 Critical Temperature [Yes/No]","P-core 1 Critical Temperature [Yes/No]","E-core 2 Critical Temperature [Yes/No]","E-core 3 Critical Temperature [Yes/No]","E-core 4 Critical Temperature [Yes/No]","E-core 5 Critical Temperature [Yes/No]","E-core 6 Critical Temperature [Yes/No]","E-core 7 Critical Temperature [Yes/No]","E-core 8 Critical Temperature [Yes/No]","E-core 9 Critical Temperature [Yes/No]","Core Power Limit Exceeded (avg) [Yes/No]","P-core 0 Power Limit Exceeded [Yes/No]","P-core 1 Power Limit Exceeded [Yes/No]","E-core 2 Power Limit Exceeded [Yes/No]","E-core 3 Power Limit Exceeded [Yes/No]","E-core 4 Power Limit Exceeded [Yes/No]","E-core 5 Power Limit Exceeded [Yes/No]","E-core 6 Power Limit Exceeded [Yes/No]","E-core 7 Power Limit Exceeded [Yes/No]","E-core 8 Power Limit Exceeded [Yes/No]","E-core 9 Power Limit Exceeded [Yes/No]","Package/Ring Thermal Throttling [Yes/No]","Package/Ring Critical Temperature [Yes/No]","Package/Ring Power Limit Exceeded [Yes/No]","CPU Package [°C]","CPU IA Cores [°C]","CPU GT Cores (Graphics) [°C]","VR VCC Temperature (SVID) [°C]","Voltage Offsets (avg) [V]","IA Voltage Offset [V]","GT Voltage Offset [V]","CLR (CBo/LLC/Ring) Voltage Offset [V]","GT Media Voltage Offset [V]","SA Voltage Offset [V]","L2 E-core Voltage Offset [V]","VDDQ TX Voltage [V]","VR VCC Current (SVID IOUT) [A]","CPU Package Power [W]","IA Cores Power [W]","Total System Power [W]","System Agent Power [W]","Rest-of-Chip Power [W]","PCH Power [W]","PL1 Power Limit (Static) [W]","PL1 Power Limit (Dynamic) [W]","PL2 Power Limit (Static) [W]","PL2 Power Limit (Dynamic) [W]","VR VCC Power (SVID POUT) [W]","GPU Clock [MHz]","GPU D3D Memory Dynamic [MB]","Current cTDP Level []","Package C2 Residency [%]","Core C0 Residency (avg) [%]","P-core 0 T0 C0 Residency [%]","P-core 0 T1 C0 Residency [%]","P-core 1 T0 C0 Residency [%]","P-core 1 T1 C0 Residency [%]","E-core 2 T0 C0 Residency [%]","E-core 3 T0 C0 Residency [%]","E-core 4 T0 C0 Residency [%]","E-core 5 T0 C0 Residency [%]","E-core 6 T0 C0 Residency [%]","E-core 7 T0 C0 Residency [%]","E-core 8 T0 C0 Residency [%]","E-core 9 T0 C0 Residency [%]","Core C1 Residency (avg) [%]","P-core 0 C1 Residency [%]","P-core 1 C1 Residency [%]","E-core 2 C1 Residency [%]","E-core 3 C1 Residency [%]","E-core 4 C1 Residency [%]","E-core 5 C1 Residency [%]","E-core 6 C1 Residency [%]","E-core 7 C1 Residency [%]","E-core 8 C1 Residency [%]","E-core 9 C1 Residency [%]","Core C6 Residency (avg) [%]","P-core 0 C6 Residency [%]","P-core 1 C6 Residency [%]","E-core 2 C6 Residency [%]","E-core 3 C6 Residency [%]","E-core 4 C6 Residency [%]","E-core 5 C6 Residency [%]","E-core 6 C6 Residency [%]","E-core 7 C6 Residency [%]","E-core 8 C6 Residency [%]","E-core 9 C6 Residency [%]","Core C7 Residency (avg) [%]","P-core 0 C7 Residency [%]","P-core 1 C7 Residency [%]","Memory Clock [MHz]","Memory Clock Ratio [x]","Tcas [T]","Trcd [T]","Trp [T]","Tras [T]","Trc [T]","Trfc [T]","Command Rate [T]","Gear Mode []","IA Limit Reasons (avg) [Yes/No]","IA: PROCHOT [Yes/No]","IA: Thermal Event [Yes/No]","IA: Residency State Regulation [Yes/No]","IA: Running Average Thermal Limit [Yes/No]","IA: VR Thermal Alert [Yes/No]","IA: VR TDC [Yes/No]","IA: Electrical Design Point/Other (ICCmax,PL4,SVID,DDR RAPL) [Yes/No]","IA: Package-Level RAPL/PBM PL1 [Yes/No]","IA: Package-Level RAPL/PBM PL2,PL3 [Yes/No]","IA: Max Turbo Limit [Yes/No]","IA: Turbo Attenuation (MCT) [Yes/No]","IA: Thermal Velocity Boost [Yes/No]","GT Limit Reasons (avg) [Yes/No]","GT: PROCHOT [Yes/No]","GT: Thermal Event [Yes/No]","GT: DDR RAPL [Yes/No]","GT: Residency State Regulation [Yes/No]","GT: Running Average Thermal Limit [Yes/No]","GT: VR Thermal Alert [Yes/No]","GT: VR TDC [Yes/No]","GT: Max VR Voltage, ICCmax, PL4 [Yes/No]","GT: Domain-Level PBM PLGT [Yes/No]","GT: Package-Level RAPL/PBM PL1 [Yes/No]","GT: Package-Level RAPL/PBM PL2,PL3 [Yes/No]","GT: Inefficient Operation [Yes/No]","GT: Fuses limit [Yes/No]","Ring Limit Reasons (avg) [Yes/No]","RING: PROCHOT [Yes/No]","RING: Thermal Event [Yes/No]","RING: DDR RAPL [Yes/No]","RING: Residency State Regulation [Yes/No]","RING: Running Average Thermal Limit [Yes/No]","RING: VR Thermal Alert [Yes/No]","RING: VR TDC [Yes/No]","RING: Max VR Voltage, ICCmax, PL4 [Yes/No]","RING: Package-Level RAPL/PBM PL1 [Yes/No]","RING: Package-Level RAPL/PBM PL2,PL3 [Yes/No]","PCH Temperature [°C]","Drive Temperature [°C]","Drive Temperature 2 [°C]","Drive Temperature 3 [°C]","Drive Remaining Life [%]","Drive Available Spare [%]","Drive Failure [Yes/No]","Drive Warning [Yes/No]","Total Host Writes [GB]","Total Host Reads [GB]","Read Activity [%]","Write Activity [%]","Total Activity [%]","Read Rate [MB/s]","Write Rate [MB/s]","Read Total [MB]","Write Total [MB]","Battery Voltage [V]","Remaining Capacity [Wh]","Charge Level [%]","Charge Rate [W]","Wear Level [%]","Framerate Presented (avg) [FPS]","Framerate Presented (99%) [FPS]","Framerate Presented (1%) [FPS]","Framerate Presented (0.1%) [FPS]","Framerate Presented (1% low) [FPS]","Framerate Presented (0.1% low) [FPS]","Framerate Displayed (avg) [FPS]","Framerate Displayed (99%) [FPS]","Framerate Displayed (1%) [FPS]","Framerate Displayed (0.1%) [FPS]","Framerate Displayed (1% low) [FPS]","Framerate Displayed (0.1% low) [FPS]","Frame Time Presented (avg) [ms]","Frame Time Presented (99%) [ms]","Frame Time Presented (1%) [ms]","Frame Time Presented (0.1%) [ms]","Frame Time Displayed (1% high) [ms]","Frame Time Displayed (0.1% high) [ms]","GPU Busy (avg) [ms]","GPU Wait (avg) [ms]","CPU Busy (avg) [ms]","CPU Wait (avg) [ms]","Animation Error (avg) [ms]","Total Errors []",
,,System: DELL Latitude 5440,System: DELL Latitude 5440,System: DELL Latitude 5440,System: DELL Latitude 5440,System: DELL Latitude 5440,System: DELL Latitude 5440,System: DELL Latitude 5440,CPU [#0]: Intel Core i5-1335U,CPU [#0]: Intel Core i5-1335U,CPU [#0]: Intel Core i5-1335U,CPU [#0]: Intel Core i5-1335U,CPU [#0]: Intel Core i5-1335U,CPU [#0]: Intel Core i5-1335U,CPU [#0]: Intel Core i5-1335U,CPU [#0]: Intel Core i5-1335U,CPU [#0]: Intel Core i5-1335U,CPU [#0]: Intel Core i5-1335U,CPU [#0]: Intel Core i5-1335U,CPU [#0]: Intel Core i5-1335U,CPU [#0]: Intel Core i5-1335U,CPU [#0]: Intel Core i5-1335U,CPU [#0]: Intel Core i5-1335U,CPU [#0]: Intel Core i5-1335U,CPU [#0]: Intel Core i5-1335U,CPU [#0]: Intel Core i5-1335U,CPU [#0]: Intel Core i5-1335U,CPU [#0]: Intel Core i5-1335U,CPU [#0]: Intel Core i5-1335U,CPU [#0]: Intel Core i5-1335U,CPU [#0]: Intel Core i5-1335U,CPU [#0]: Intel Core i5-1335U,CPU [#0]: Intel Core i5-1335U,CPU [#0]: Intel Core i5-1335U,CPU [#0]: Intel Core i5-1335U,CPU [#0]: Intel Core i5-1335U,CPU [#0]: Intel Core i5-1335U,CPU [#0]: Intel Core i5-1335U,CPU [#0]: Intel Core i5-1335U,CPU [#0]: Intel Core i5-1335U,CPU [#0]: Intel Core i5-1335U,CPU [#0]: Intel Core i5-1335U,CPU [#0]: Intel Core i5-1335U,CPU [#0]: Intel Core i5-1335U,CPU [#0]: Intel Core i5-1335U,CPU [#0]: Intel Core i5-1335U,CPU [#0]: Intel Core i5-1335U,CPU [#0]: Intel Core i5-1335U,CPU [#0]: Intel Core i5-1335U,CPU [#0]: Intel Core i5-1335U,CPU [#0]: Intel Core i5-1335U,CPU [#0]: Intel Core i5-1335U,CPU [#0]: Intel Core i5-1335U,CPU [#0]: Intel Core i5-1335U,CPU [#0]: Intel Core i5-1335U,CPU [#0]: Intel Core i5-1335U,CPU [#0]: Intel Core i5-1335U,CPU [#0]: Intel Core i5-1335U,CPU [#0]: Intel Core i5-1335U,CPU [#0]: Intel Core i5-1335U,CPU [#0]: Intel Core i5-1335U,CPU [#0]: Intel Core i5-1335U,CPU [#0]: Intel Core i5-1335U,CPU [#0]: Intel Core i5-1335U,CPU [#0]: Intel Core i5-1335U,CPU [#0]: Intel Core i5-1335U,CPU [#0]: Intel Core i5-1335U,CPU [#0]: Intel Core i5-1335U,CPU [#0]: Intel Core i5-1335U,CPU [#0]: Intel Core i5-1335U,CPU [#0]: Intel Core i5-1335U,CPU [#0]: Intel Core i5-1335U,CPU [#0]: Intel Core i5-1335U,CPU [#0]: Intel Core i5-1335U,CPU [#0]: Intel Core i5-1335U,CPU [#0]: Intel Core i5-1335U,CPU [#0]: Intel Core i5-1335U,CPU [#0]: Intel Core i5-1335U,CPU [#0]: Intel Core i5-1335U,CPU [#0]: Intel Core i5-1335U,CPU [#0]: Intel Core i5-1335U,CPU [#0]: Intel Core i5-1335U,CPU [#0]: Intel Core i5-1335U,CPU [#0]: Intel Core i5-1335U,CPU [#0]: Intel Core i5-1335U,CPU [#0]: Intel Core i5-1335U,CPU [#0]: Intel Core i5-1335U,CPU [#0]: Intel Core i5-1335U,CPU [#0]: Intel Core i5-1335U,CPU [#0]: Intel Core i5-1335U,CPU [#0]: Intel Core i5-1335U: DTS,CPU [#0]: Intel Core i5-1335U: DTS,CPU [#0]: Intel Core i5-1335U: DTS,CPU [#0]: Intel Core i5-1335U: DTS,CPU [#0]: Intel Core i5-1335U: DTS,CPU [#0]: Intel Core i5-1335U: DTS,CPU [#0]: Intel Core i5-1335U: DTS,CPU [#0]: Intel Core i5-1335U: DTS,CPU [#0]: Intel Core i5-1335U: DTS,CPU [#0]: Intel Core i5-1335U: DTS,CPU [#0]: Intel Core i5-1335U: DTS,CPU [#0]: Intel Core i5-1335U: DTS,CPU [#0]: Intel Core i5-1335U: DTS,CPU [#0]: Intel Core i5-1335U: DTS,CPU [#0]: Intel Core i5-1335U: DTS,CPU [#0]: Intel Core i5-1335U: DTS,CPU [#0]: Intel Core i5-1335U: DTS,CPU [#0]: Intel Core i5-1335U: DTS,CPU [#0]: Intel Core i5-1335U: DTS,CPU [#0]: Intel Core i5-1335U: DTS,CPU [#0]: Intel Core i5-1335U: DTS,CPU [#0]: Intel Core i5-1335U: DTS,CPU [#0]: Intel Core i5-1335U: DTS,CPU [#0]: Intel Core i5-1335U: DTS,CPU [#0]: Intel Core i5-1335U: DTS,CPU [#0]: Intel Core i5-1335U: DTS,CPU [#0]: Intel Core i5-1335U: DTS,CPU [#0]: Intel Core i5-1335U: DTS,CPU [#0]: Intel Core i5-1335U: DTS,CPU [#0]: Intel Core i5-1335U: DTS,CPU [#0]: Intel Core i5-1335U: DTS,CPU [#0]: Intel Core i5-1335U: DTS,CPU [#0]: Intel Core i5-1335U: DTS,CPU [#0]: Intel Core i5-1335U: DTS,CPU [#0]: Intel Core i5-1335U: DTS,CPU [#0]: Intel Core i5-1335U: DTS,CPU [#0]: Intel Core i5-1335U: DTS,CPU [#0]: Intel Core i5-1335U: DTS,CPU [#0]: Intel Core i5-1335U: DTS,CPU [#0]: Intel Core i5-1335U: DTS,CPU [#0]: Intel Core i5-1335U: DTS,CPU [#0]: Intel Core i5-1335U: DTS,CPU [#0]: Intel Core i5-1335U: DTS,CPU [#0]: Intel Core i5-1335U: DTS,CPU [#0]: Intel Core i5-1335U: DTS,CPU [#0]: Intel Core i5-1335U: DTS,CPU [#0]: Intel Core i5-1335U: DTS,CPU [#0]: Intel Core i5-1335U: DTS,CPU [#0]: Intel Core i5-1335U: DTS,CPU [#0]: Intel Core i5-1335U: DTS,CPU [#0]: Intel Core i5-1335U: DTS,CPU [#0]: Intel Core i5-1335U: DTS,CPU [#0]: Intel Core i5-1335U: DTS,CPU [#0]: Intel Core i5-1335U: DTS,CPU [#0]: Intel Core i5-1335U: DTS,CPU [#0]: Intel Core i5-1335U: DTS,CPU [#0]: Intel Core i5-1335U: DTS,CPU [#0]: Intel Core i5-1335U: DTS,CPU [#0]: Intel Core i5-1335U: DTS,CPU [#0]: Intel Core i5-1335U: DTS,CPU [#0]: Intel Core i5-1335U: Enhanced,CPU [#0]: Intel Core i5-1335U: Enhanced,CPU [#0]: Intel Core i5-1335U: Enhanced,CPU [#0]: Intel Core i5-1335U: Enhanced,CPU [#0]: Intel Core i5-1335U: Enhanced,CPU [#0]: Intel Core i5-1335U: Enhanced,CPU [#0]: Intel Core i5-1335U: Enhanced,CPU [#0]: Intel Core i5-1335U: Enhanced,CPU [#0]: Intel Core i5-1335U: Enhanced,CPU [#0]: Intel Core i5-1335U: Enhanced,CPU [#0]: Intel Core i5-1335U: Enhanced,CPU [#0]: Intel Core i5-1335U: Enhanced,CPU [#0]: Intel Core i5-1335U: Enhanced,CPU [#0]: Intel Core i5-1335U: Enhanced,CPU [#0]: Intel Core i5-1335U: Enhanced,CPU [#0]: Intel Core i5-1335U: Enhanced,CPU [#0]: Intel Core i5-1335U: Enhanced,CPU [#0]: Intel Core i5-1335U: Enhanced,CPU [#0]: Intel Core i5-1335U: Enhanced,CPU [#0]: Intel Core i5-1335U: Enhanced,CPU [#0]: Intel Core i5-1335U: Enhanced,CPU [#0]: Intel Core i5-1335U: Enhanced,CPU [#0]: Intel Core i5-1335U: Enhanced,CPU [#0]: Intel Core i5-1335U: Enhanced,CPU [#0]: Intel Core i5-1335U: Enhanced,CPU [#0]: Intel Core i5-1335U: Enhanced,CPU [#0]: Intel Core i5-1335U: Enhanced,CPU [#0]: Intel Core i5-1335U: C-State Residency,CPU [#0]: Intel Core i5-1335U: C-State Residency,CPU [#0]: Intel Core i5-1335U: C-State Residency,CPU [#0]: Intel Core i5-1335U: C-State Residency,CPU [#0]: Intel Core i5-1335U: C-State Residency,CPU [#0]: Intel Core i5-1335U: C-State Residency,CPU [#0]: Intel Core i5-1335U: C-State Residency,CPU [#0]: Intel Core i5-1335U: C-State Residency,CPU [#0]: Intel Core i5-1335U: C-State Residency,CPU [#0]: Intel Core i5-1335U: C-State Residency,CPU [#0]: Intel Core i5-1335U: C-State Residency,CPU [#0]: Intel Core i5-1335U: C-State Residency,CPU [#0]: Intel Core i5-1335U: C-State Residency,CPU [#0]: Intel Core i5-1335U: C-State Residency,CPU [#0]: Intel Core i5-1335U: C-State Residency,CPU [#0]: Intel Core i5-1335U: C-State Residency,CPU [#0]: Intel Core i5-1335U: C-State Residency,CPU [#0]: Intel Core i5-1335U: C-State Residency,CPU [#0]: Intel Core i5-1335U: C-State Residency,CPU [#0]: Intel Core i5-1335U: C-State Residency,CPU [#0]: Intel Core i5-1335U: C-State Residency,CPU [#0]: Intel Core i5-1335U: C-State Residency,CPU [#0]: Intel Core i5-1335U: C-State Residency,CPU [#0]: Intel Core i5-1335U: C-State Residency,CPU [#0]: Intel Core i5-1335U: C-State Residency,CPU [#0]: Intel Core i5-1335U: C-State Residency,CPU [#0]: Intel Core i5-1335U: C-State Residency,CPU [#0]: Intel Core i5-1335U: C-State Residency,CPU [#0]: Intel Core i5-1335U: C-State Residency,CPU [#0]: Intel Core i5-1335U: C-State Residency,CPU [#0]: Intel Core i5-1335U: C-State Residency,CPU [#0]: Intel Core i5-1335U: C-State Residency,CPU [#0]: Intel Core i5-1335U: C-State Residency,CPU [#0]: Intel Core i5-1335U: C-State Residency,CPU [#0]: Intel Core i5-1335U: C-State Residency,CPU [#0]: Intel Core i5-1335U: C-State Residency,CPU [#0]: Intel Core i5-1335U: C-State Residency,CPU [#0]: Intel Core i5-1335U: C-State Residency,CPU [#0]: Intel Core i5-1335U: C-State Residency,Memory Timings,Memory Timings,Memory Timings,Memory Timings,Memory Timings,Memory Timings,Memory Timings,Memory Timings,Memory Timings,Memory Timings,CPU [#0]: Intel Core i5-1335U: Performance Limit Reasons,CPU [#0]: Intel Core i5-1335U: Performance Limit Reasons,CPU [#0]: Intel Core i5-1335U: Performance Limit Reasons,CPU [#0]: Intel Core i5-1335U: Performance Limit Reasons,CPU [#0]: Intel Core i5-1335U: Performance Limit Reasons,CPU [#0]: Intel Core i5-1335U: Performance Limit Reasons,CPU [#0]: Intel Core i5-1335U: Performance Limit Reasons,CPU [#0]: Intel Core i5-1335U: Performance Limit Reasons,CPU [#0]: Intel Core i5-1335U: Performance Limit Reasons,CPU [#0]: Intel Core i5-1335U: Performance Limit Reasons,CPU [#0]: Intel Core i5-1335U: Performance Limit Reasons,CPU [#0]: Intel Core i5-1335U: Performance Limit Reasons,CPU [#0]: Intel Core i5-1335U: Performance Limit Reasons,CPU [#0]: Intel Core i5-1335U: Performance Limit Reasons,CPU [#0]: Intel Core i5-1335U: Performance Limit Reasons,CPU [#0]: Intel Core i5-1335U: Performance Limit Reasons,CPU [#0]: Intel Core i5-1335U: Performance Limit Reasons,CPU [#0]: Intel Core i5-1335U: Performance Limit Reasons,CPU [#0]: Intel Core i5-1335U: Performance Limit Reasons,CPU [#0]: Intel Core i5-1335U: Performance Limit Reasons,CPU [#0]: Intel Core i5-1335U: Performance Limit Reasons,CPU [#0]: Intel Core i5-1335U: Performance Limit Reasons,CPU [#0]: Intel Core i5-1335U: Performance Limit Reasons,CPU [#0]: Intel Core i5-1335U: Performance Limit Reasons,CPU [#0]: Intel Core i5-1335U: Performance Limit Reasons,CPU [#0]: Intel Core i5-1335U: Performance Limit Reasons,CPU [#0]: Intel Core i5-1335U: Performance Limit Reasons,CPU [#0]: Intel Core i5-1335U: Performance Limit Reasons,CPU [#0]: Intel Core i5-1335U: Performance Limit Reasons,CPU [#0]: Intel Core i5-1335U: Performance Limit Reasons,CPU [#0]: Intel Core i5-1335U: Performance Limit Reasons,CPU [#0]: Intel Core i5-1335U: Performance Limit Reasons,CPU [#0]: Intel Core i5-1335U: Performance Limit Reasons,CPU [#0]: Intel Core i5-1335U: Performance Limit Reasons,CPU [#0]: Intel Core i5-1335U: Performance Limit Reasons,CPU [#0]: Intel Core i5-1335U: Performance Limit Reasons,CPU [#0]: Intel Core i5-1335U: Performance Limit Reasons,CPU [#0]: Intel Core i5-1335U: Performance Limit Reasons,DELL 02RJPP (Intel PCH),S.M.A.R.T.: PM9B1 NVMe Samsung 256GB (S6N1NE0W412449) [C:],S.M.A.R.T.: PM9B1 NVMe Samsung 256GB (S6N1NE0W412449) [C:],S.M.A.R.T.: PM9B1 NVMe Samsung 256GB (S6N1NE0W412449) [C:],S.M.A.R.T.: PM9B1 NVMe Samsung 256GB (S6N1NE0W412449) [C:],S.M.A.R.T.: PM9B1 NVMe Samsung 256GB (S6N1NE0W412449) [C:],S.M.A.R.T.: PM9B1 NVMe Samsung 256GB (S6N1NE0W412449) [C:],S.M.A.R.T.: PM9B1 NVMe Samsung 256GB (S6N1NE0W412449) [C:],S.M.A.R.T.: PM9B1 NVMe Samsung 256GB (S6N1NE0W412449) [C:],S.M.A.R.T.: PM9B1 NVMe Samsung 256GB (S6N1NE0W412449) [C:],Drive: PM9B1 NVMe Samsung 256GB (S6N1NE0W412449) [C:],Drive: PM9B1 NVMe Samsung 256GB (S6N1NE0W412449) [C:],Drive: PM9B1 NVMe Samsung 256GB (S6N1NE0W412449) [C:],Drive: PM9B1 NVMe Samsung 256GB (S6N1NE0W412449) [C:],Drive: PM9B1 NVMe Samsung 256GB (S6N1NE0W412449) [C:],Drive: PM9B1 NVMe Samsung 256GB (S6N1NE0W412449) [C:],Drive: PM9B1 NVMe Samsung 256GB (S6N1NE0W412449) [C:],Battery: SMP DELL 9HKT536,Battery: SMP DELL 9HKT536,Battery: SMP DELL 9HKT536,Battery: SMP DELL 9HKT536,Battery: SMP DELL 9HKT536,PresentMon,PresentMon,PresentMon,PresentMon,PresentMon,PresentMon,PresentMon,PresentMon,PresentMon,PresentMon,PresentMon,PresentMon,PresentMon,PresentMon,PresentMon,PresentMon,PresentMon,PresentMon,PresentMon,PresentMon,PresentMon,PresentMon,PresentMon,Windows Hardware Errors (WHEA),
